Origen,Hospitales grupo 3,Hospitales grupo 2,Bomberos,Juzgados,Salud mental
0790101,3797.0301668073976,7996.043301043506,19375.246099272958,3820.117527644443,5834.68701663662
0650601,14139.951139086505,13109.191492856455,24478.080690341016,5649.419064136005,14109.063305335721
0650901,9525.462278634739,9186.92043461394,21920.526189397897,6206.393480293686,9866.271276706342
0650401,9743.638906488575,10733.325085696717,22534.331385686713,8935.424546798045,10708.829913382
0650402,9526.90947781348,10458.957291522735,22383.99288439005,8760.556679578482,10470.408191223954
0650403,10517.996668701351,11683.78590772917,23072.903900688347,9568.67029811308,11547.537429472464
0320101,,8136.420581378852,39177.273045279624,8085.33655322435,17354.076014728118
0320401,,12906.874418820273,41690.6647801711,13142.126411494808,21112.98510447024
0320301,,6051.340609566744,37281.544270242346,5724.742650911067,15036.576361862817
1480401,,8859.862834436095,29064.180199335053,2231.1208418935007,10622.257327940164
1480101,,7156.962092681471,29868.523371183455,1253.9752465807342,10245.597913169435
1660101,,12014.939280480818,41819.83947829353,8906.692024155103,20969.569381046185
0480101,,13628.696876335855,44704.519344433225,10438.365419308913,23495.672321160233
0830201,,9052.893709998849,42365.82624921213,8398.325465103835,20028.985913128177
0120101,,11387.926615544473,44700.10176260501,8229.638670343553,22451.307521189407
1540101,,7791.2155555350455,35876.541645224344,15706.749183753269,15064.765750217588
1540201,,10217.382585919,36934.673404413654,13741.89265978679,17051.74477116898
1560201,,15301.56515993055,45001.02143931529,15232.908129811502,24324.23249904848
1560101,,17094.540620020307,46085.69117946531,17080.713160165385,25811.745671017787
1110101,,20338.370843844503,51778.87220494659,17350.06079707401,30820.76075896827
1110201,,20445.200124736897,52188.89204359795,17469.433521427047,31095.15189791455
1360201,,13898.716346608177,47434.335664265505,10962.268215617252,25255.337174938984
1360101,,15789.759630055516,49515.944004828954,13005.990416608938,27347.91463497039
0050101,,4549.879645872547,36770.16414186622,1959.9155703516572,13728.125116341982
1370101,,11911.091954736736,46264.37014352544,9363.85218582109,23690.206941383807
1720501,,6441.751962876244,36542.72636643224,3472.1489058414745,14708.853392741066
1720901,,7311.0239981146315,36975.08446805659,4422.76756250294,15482.317423687355
1720301,,7555.215457908669,37931.62437365272,4248.201558341481,16227.34245121235
1720201,,7227.763309095333,38631.6557428383,3479.246210984956,16514.32082566275
1720601,,10635.520821866117,41661.783958721404,7289.908705823751,20180.3230673378
1721001,,11737.881642154127,42794.007309797504,8455.794155383834,21420.405626826658
1720801,,11744.672479946,43553.45259457399,8430.93681146955,21890.066957152903
1250201,41907.98197063428,26362.023953168497,47804.452145915915,13872.440970494645,37423.176701220706
0440101,24813.54745261782,11174.761769220053,33993.06426492277,10767.72820360445,22954.42575440515
0870102,39843.036281090615,9075.066890011782,46224.38509105419,11318.888795418115,33817.98396577511
0380201,41222.79627195527,10537.06692100175,47433.652968894065,13060.843401663975,35328.993145660745
0380603,42253.244236076054,11623.442314347618,48364.94210884704,14179.63340697659,36347.92765285601
0380101,42044.23854328709,11753.249363833558,48144.77068684659,14479.21004891157,36390.46240310622
0380601,43396.31810044042,12844.141837463541,49406.45319612208,15436.012897025965,37491.1800656879
0380301,43143.55663782113,14651.348090463678,49127.637516972456,17556.852755758406,38203.2907635818
1521601,19147.74867656958,12010.358684972965,29786.61073729538,9897.958519313524,19961.568817067466
1520601,20677.063026975797,10741.163481857326,30921.566508987933,8327.201812307334,20634.403214906604
1521501,19891.50341357135,11248.516212905159,30318.359554902934,9119.585857728156,20309.252977589338
1521101,18779.81453774567,12476.154330604872,29459.166923074466,10675.97882991836,19907.64286377001
1521401,20424.63803730108,10672.772685272992,30685.844556919183,8631.517451333715,20586.756152861926
1520401,22198.67239104268,9096.01167608632,31999.8941233166,6719.967600347848,21367.079734647356
1521201,20944.369354143666,10149.756355257072,31035.008950284002,8298.769920607147,20895.581805779722
1520201,22507.4716252994,8606.471700639833,32204.13925699385,6411.998223607058,21547.96641300767
1270101,13993.259906804617,18168.945417583946,26410.62929538675,5147.065182075676,17610.641509070385
1271001,13773.444811302252,17827.21738823816,26117.90158113076,5163.244354543516,17425.903850800216
1271501,17524.083580801806,14260.464399602946,28744.50776565543,8637.534059922687,19177.240456466207
1270401,11323.69988987122,20687.30939297309,24634.25588724789,3432.8138834137053,16306.938955330772
0470501,29114.06191572425,3061.4387986274096,37138.66266895144,575.0192683975141,24904.74810797944
0470101,29720.07335513902,1518.9584402103073,37570.17775115206,1392.8096052176766,25256.602279124585
0471101,28806.033449972707,3064.10591495632,36881.670930221066,4087.32663005495,25212.19229845612
0471001,31201.640663485476,695.0317229908785,38779.48412259029,2834.1579180626636,26206.7850619342
1350801,45748.073254641444,25901.356013337707,51402.67731238701,13346.74822617691,40085.58391470443
1350201,47153.35442231263,23633.64729600675,52822.325085892626,12259.25794556568,40701.26271975577
1350501,45028.24996690708,23501.914235593264,50823.560794874655,11234.417864017649,38963.6584785942
1350101,44105.8754642045,24401.07836296078,49927.74405830086,11782.551098251124,38472.83722929816
1351401,43466.245405516376,24538.764427659306,49327.65496675739,11859.233539913468,38033.47677796147
1351001,44952.14867728442,22797.99111156392,50776.626166337635,10714.654163955007,38750.48411970528
1350601,42083.056245687214,23008.184511805182,48111.00056174513,10319.37051779544,36610.36653720884
1350301,41717.307843274706,21780.277597217362,47815.98920418163,9117.522420657926,36014.84930331148
1350901,39873.13977533402,19468.501225098775,46201.9596090055,6789.1251745536365,34038.07535644497
0180401,34485.03412779007,6606.286913639313,41502.210675019065,17472.992151471233,30163.337156669346
0180101,35807.09230680637,6388.310279721807,42614.32470712301,19633.537318449733,30927.72071332868
0180201,34932.417151714886,8373.219618364743,41884.27899832497,16505.54070324158,30961.147783351014
0180601,36823.46737821411,8672.866570412005,43472.46336943514,18829.21247018507,32293.163681645496
0220101,11582.342510424178,29347.128113424496,23446.209913574843,9164.664845639409,18332.89847757477
0221601,9301.454105085097,30354.81373646183,21643.070159723757,9440.748168562617,16773.013529199285
0221701,11472.986072731475,26261.491363917823,24322.60927853373,12213.363399565056,17899.777814406993
0560101,34378.74606101717,23564.164936030338,41281.90008479218,13074.15815609483,31567.31549600174
1830101,35057.66013911631,18682.737134925534,42002.83141835333,7168.898785790895,30565.51193786634
1830201,34255.02403845592,18914.85464157553,41323.68309867493,7862.412949418666,30136.095012403945
1830301,36845.85539081818,19190.13081079376,43529.52713077994,6971.94112266201,31857.97845611491
0802201,9039.389274073039,24030.29939694946,23323.18923574389,2130.852637408775,15739.495153141383
0804201,14497.519412909927,19899.06111181847,26820.92277638927,6086.306817380253,18326.466875512793
1760603,17224.667422595146,25817.147470606822,27898.136563424458,14233.896893165287,21297.827452988513
1760401,19552.24569674767,22957.733673701277,29837.17360569456,17966.904133556756,22108.69472356324
1760704,15033.24257086369,20870.229873869124,27108.40600550251,17705.430798334444,18885.662659689562
0930101,38110.168886623695,8067.221931459246,44597.49610473195,21896.87118655899,32830.22448992486
0900101,31718.413875080034,3835.3649628263106,39217.32172811161,16860.951056139806,27543.3050997897
0900301,34505.719935013134,5986.263388286885,41519.03298125628,18076.731281368735,29995.764110843742
0900701,33183.210557770246,6704.832656808398,40423.59988999207,15878.799693003593,29313.801839995973
0260301,17930.95508782991,25205.117503106958,28465.104874946654,15168.818747919471,21605.265052422783
0260101,19888.568599896025,27869.585961812892,29431.456310515427,14341.455568296558,23413.68621637431
0260201,20202.177409340933,25965.1378595611,29940.623352920677,16121.695268116277,23190.907919871348
1190202,24172.204211926608,25533.86622455486,32925.117228151124,19858.039794690143,25597.371378806874
1601203,26756.70100532532,18606.57901643148,35338.82924537322,12432.926747252824,25503.552192889776
1601202,25574.5913828483,17875.865903888018,34471.49015336695,12692.660498229312,24622.695860143922
1600301,22840.229852140095,18685.850639552966,32437.673162261774,15160.899451205274,23156.021334151887
1600201,27043.61846021084,22185.932594529502,35392.61076694873,15482.228624590332,26564.747909798312
1600501,29989.371335984586,15795.069337826739,37896.24505602976,7773.662714138817,26765.94204522388
1600601,26361.417090485455,15267.617439524625,35119.37137012722,10409.258104346109,24530.014378728636
1601501,30409.577556205102,14250.23875635895,38233.2981329719,6300.6583639803175,26674.023945537363
1600901,28465.1096490301,13534.766931415565,36730.87725851514,7702.6395171363865,25420.168977561
1600801,24549.830883308543,16239.915081455067,33757.43489783222,12397.459999229637,23658.3385774353
0101801,31056.050656472184,2216.4401908582554,38681.036947323584,2304.8398570163727,26129.815248646384
0101701,31661.37169479721,1167.4677248523428,39162.94927438816,3155.4834956100485,26567.604110276337
0100101,32799.38264920426,2759.314601840296,40129.629342214575,4068.0236260180727,27458.48262950348
1152001,7953.005381540602,33679.71050895844,19653.902593826017,4588.7231319808,15627.656260973174
1150101,7363.396321847676,33400.73306524766,19474.390090504407,3897.9807059136238,15146.981060632215
1152301,7464.999992721656,31567.654123104843,20082.97598330657,3195.5992095128963,15312.705312952066
1152401,8329.682026826518,28053.20125663197,21894.965505940163,5325.525528365406,15970.678549727567
1150401,6775.5101071817035,29004.70106590658,20536.397756345992,1445.378803834676,14726.090656650902
0680301,42169.00028550512,12029.011479872523,48367.43103115145,13569.880359861327,35655.11715366435
0680201,37071.38189709765,7415.394829292873,43820.71639346605,8527.863563735613,30978.370320113234
0680705,37605.54996273293,7044.932862353792,44262.40158941278,8924.339291591998,31624.329620516426
0680101,33818.326401025006,4297.962959830939,41007.35882249812,5168.59567248393,28254.548022183124
0680601,35205.47591600763,6577.030815461886,42211.93078797461,6988.042756949752,29337.316540523712
0680701,38543.908184790664,7889.715516612689,45084.68985496237,9893.343644985061,32511.025535567827
0680801,30968.24244907564,3199.6029175418225,38633.99164515499,2463.2998870350834,26093.284245427738
0680703,37838.2151618472,7104.452249988356,44453.0918798574,9242.723173978171,31927.57592979575
0460201,34227.729353119874,3976.3808047945554,41341.566526417715,5507.186726254366,28640.60139236768
0460101,35914.460353444905,5116.745153903042,42755.45458052513,7639.305681814729,30366.586111696204
0460701,35694.66286771451,5711.334162928072,42529.92215718496,8602.267189271199,30620.06735142647
0460601,36703.428449978186,6581.198240910852,43391.49982550449,9439.294106694213,31492.98275798042
0720101,21783.086420783166,9722.858353130032,31583.696385336174,13673.199280906338,21535.385725199874
0720501,21725.654095858856,10073.830026301614,31518.32703615337,12944.64002770346,21613.259820402658
0720201,23704.7465945275,7324.963361800023,33040.92402842902,15841.450748347284,22267.921681165164
0720301,23677.46290467759,8774.883448958275,32941.39956010677,12247.232411542851,22805.43146102035
0540401,34699.584445258275,13565.460806899282,41704.18522257401,1681.7246189733905,28969.09415195562
0540402,34969.642329883594,12443.925782510363,41966.028817239705,541.9102052784568,29056.50568148773
0540601,30345.070214631764,6815.0705835940125,38196.8197290207,6833.412101422872,25805.530733405154
0540701,32183.219445065235,16453.719595489732,39638.2228518272,6613.766925812971,28207.550690762288
0540801,32406.99137653361,14853.95181548658,39815.88634403214,4959.820568930485,27944.83750600411
0540101,31254.516069043024,15270.641118225758,38897.05602463526,6302.5729390322595,27379.756891067333
1590101,45209.29791359778,29663.666425472857,50684.691461420305,17044.850392286982,40685.677133168145
1590201,43388.34219057762,28371.53976302072,49057.86994477933,15858.735051906478,39032.33815131873
0610401,20157.560543810927,14894.397615535856,30647.460561653585,12027.591728720507,20803.70253603076
0611501,22383.432033816043,11712.851097262792,32219.026014691943,8830.38856601597,21632.9467117057
0611601,21528.266386346044,10886.064376616801,31576.3789025131,8157.588917176052,21070.692058193174
0610801,25437.921979484152,8299.587396913217,34427.78254501848,5391.489187335687,23018.730967604868
0610501,26408.2191461737,8308.65209874337,35160.2961633188,5452.629489569193,23567.09999934515
0610701,23111.15953141944,8381.065013669457,32671.310502428652,5857.316436043174,21794.848440115755
0612101,25157.62218684392,6707.9982823669925,34176.5994284269,3959.592391020841,22797.03083574247
0612001,24262.176081687267,6996.077278629542,33494.719296075586,4598.444573374266,22376.2332062164
0610901,28640.618098742114,5751.622236598409,36836.75766132577,3189.595678465532,24705.655001521893
0611701,28233.100931101788,4451.160424886348,36487.17421196093,1627.155555685933,24417.692082365793
0610601,29784.256923226174,4390.971981171237,37710.26168327753,2369.946572348801,25353.152478802942
0610101,27312.809274243995,5407.459744361627,35796.66031036908,2506.6387069645475,23920.872007353515
1770401,15604.091960280732,18930.797016395773,27542.6532389242,20353.841933422143,18806.98696055721
1770101,17418.53758599939,18111.44979836018,28741.908870506206,18670.105572627344,19755.107986756742
1310101,39548.923085213355,13379.15849325982,46009.77638990714,4788.790300209861,32951.80854112851
1310102,39229.599680519765,12232.205910448445,45734.468492598266,5368.812597819218,32680.669752856335
1310201,36033.97245866656,13771.357846193348,42869.7802217796,1082.3019209096317,29823.17952178134
1311001,35219.54538052154,10566.010647151272,42218.33195288315,2346.425770463257,29248.678908959588
0950102,30024.130849330028,23001.60228497049,37703.64890956355,14649.286624240167,28642.625400715235
0950301,27770.79712318504,22907.26984144049,35915.467038357005,15785.763600880944,27203.475307388497
0280101,41612.42175255172,34420.77159592485,51891.0601061835,15152.797449998623,38050.85376287561
0280901,42153.18026919658,34767.764322221235,52451.70665025119,14472.431641461402,38592.28987799515
0281301,41516.66791370009,34044.0672973632,51932.41099439111,13803.202081323883,37964.27996540041
0281302,42251.227579556406,34648.53665436231,52634.02735974802,13477.838230894853,38698.353441835105
0340101,47372.833236977385,40437.37596263352,56900.458699409624,19384.26899482666,43779.012494588394
1620101,24256.193215756226,13800.661644551063,37695.495383257396,19070.521534683303,23019.805683120474
1620301,23581.195223409904,13403.045454024901,36942.5005214091,17272.4424510571,22616.394304892194
1620201,26462.08375706554,16043.259799988262,39571.985839983005,20285.805034509507,25170.859591645425
0690101,68857.17747074965,59157.45205288218,78789.07412586697,29094.244395103437,65433.59606262814
0820101,31187.79446008556,28712.83278374262,40761.307311325945,10505.836608083244,28251.12026132433
0820201,33959.48582805576,33498.02410809126,41636.917464223014,15694.410373480472,31635.12028458414
0570301,29340.620008718583,19201.126139607135,41905.284509125006,20912.816045818683,28202.946532258935
0570202,29726.28127433568,20034.899790032636,41961.2269768698,19516.673641778772,28890.62074681555
0570201,28953.72959660214,19144.02718742725,41354.24980887539,19348.170674792753,28062.692323317813
9020401,53966.87847270099,45003.26865279518,63963.38737012878,36651.48120772122,50460.211379614215
9020101,59053.55864404143,49959.254873863,68916.29342656984,41796.37732954813,55538.580907171534
9020201,57748.32835974173,48437.15926845234,67802.45862534127,41119.4706175315,54283.57438556464
9020301,53009.0341196078,44365.57178944254,62849.43416412755,35036.55374299795,49462.609409234145
0210401,44977.107021773685,35923.01560067903,55743.45911670924,7589.069568334977,41567.51354745189
0210201,47321.0417132209,37944.193821053435,58058.07265166956,8284.895423047183,43958.71216311603
0210101,46305.46186085511,36998.18168778661,57090.18248595153,7590.193223056041,42937.16189359978
0030101,50154.75003743851,44821.213146046066,58626.568000491854,28049.724400263134,46669.51738083491
0760101,53174.89474681858,46887.81247385592,61910.28218215077,26269.71339657138,49594.27501598177
0160101,53374.68339001927,43436.053928542286,64068.145037680246,13591.515584701423,50134.69922357616
0410101,18154.287397102664,8876.248395424776,32098.177535739444,12483.018061771754,17917.368773424638
0620301,48815.277908609845,41066.344053176625,58555.281790430075,16663.398913438316,45222.96403844391
0620601,51449.30979579909,43833.31181275767,60926.1389280076,19239.512999697854,47839.3645832478
0620501,50848.160930650134,43303.95246262499,60339.362541556395,19094.38807835485,47239.36078508398
0620201,51171.04875487563,43069.12409021669,60859.1666699282,16883.220113641546,47584.54819788846
0640201,59421.35840384611,51116.45972923987,68812.93310534075,23315.250408785065,55810.02056978379
0230201,31925.18587768576,31821.22017571327,39860.755504472334,14334.368211526269,29747.83123034216
0231101,31390.809069219307,31022.557276937845,39635.603344753676,13405.106007289925,29124.90779435037
0230501,31330.202672466636,30140.813084525947,40108.98202497509,12117.16670699814,28782.218223778655
0230601,34071.74809715745,33339.51947547497,41906.79318808354,15406.559268613673,31654.834430026374
0230301,35248.731602514425,34697.531775647614,42695.75781010287,16804.448024787835,32883.892268484225
0230101,32388.995843558965,31606.577907656138,40652.46941731871,13713.90535718779,29968.594641818352
1220201,29763.591413555463,19528.029848605478,42343.79154691952,21670.78187068069,28533.619976223184
1220101,32547.35132471365,22176.756728324915,44926.14179266907,24554.98070142918,31111.039731020755
1220301,27737.96731964276,17081.884196298357,40896.08035716817,23360.474333778635,26030.327924443354
1340801,12263.867701857189,1696.274039345935,28241.73958818213,4190.8347654063955,11579.208695443785
1340401,17337.05464528161,6796.107449125751,32250.214349268135,9144.82595582632,15925.939522791063
1340501,9680.416650522693,1288.1658733290394,26362.654694214845,1652.551962835034,9373.062149405398
1340301,16425.800990943848,5869.182494366736,31511.46983778471,8246.33675229406,15135.24549068198
1340101,16785.90489265151,7005.047090275439,31841.349124262037,8626.609220288243,15151.395179178426
1340201,14193.437433839646,3645.926346295947,29742.45988024077,6039.126498539129,13196.160213500336
0590101,22697.691405798174,12022.126376106762,36573.80966119436,20298.912704373677,21178.4152150709
0780101,63220.01488609731,54366.60409178796,72790.07204861396,25138.214620893683,59648.41907218009
1820401,57688.85124524583,49852.80845437162,66912.73957839265,23532.167425129905,54060.18965897876
1820501,58008.404545602476,50011.8993496197,67297.70337745038,23187.338141340937,54384.60768195795
1820301,58937.58645351776,50931.84493918532,68192.20307945057,23986.835427776554,55310.83188954403
1820201,58720.489610784076,50902.065468599954,67889.48428084438,24515.211385985087,55087.81804576859
1690301,34997.969164238064,26412.810136905857,46759.610118006945,8243.480940476547,31666.08410918942
1690101,35725.62419678728,27130.5774681349,47391.31881745121,7922.6949510043105,32378.700535701828
1690201,35411.4455827958,26368.086390773246,47299.280425134726,6154.078814867241,32166.137800435095
1530601,44306.63497823874,34610.804776330006,55504.169960835134,4543.434473243769,41078.899870263085
1530501,43082.92130266971,33005.81062234613,54597.55167627198,4265.8942166794595,40036.17167637348
1530201,42976.892704631944,32829.24135327112,54537.20899909693,4709.108272855007,39970.07086076947
1530401,44795.79193864003,34656.85143373598,56199.638112728135,6021.213944386213,41754.63604784974
1510102,40107.67392023067,30352.407754733365,51747.856024495275,279.242741335125,36972.58432768763
1510201,43370.99031035534,33738.57064832827,54621.376784969114,3747.725518629093,40135.54290335015
1080201,28338.470187760602,19760.133168987744,41094.598661141536,20799.84386203979,25239.540650635117
1080101,31581.313318528715,22705.56177083435,43936.135192080736,23919.049602543004,28411.71571013573
1080301,29998.77943087631,20768.41108565907,42699.21444171324,22159.92425254095,26986.588149553376
0060101,6897.228015183835,3799.150157391799,24415.064056535393,1824.418165839766,8073.26137183837
0090101,20336.294004958952,10087.978614940452,34278.65543684218,15956.917820405797,19474.958767799224
0090601,18791.9939438422,8132.267887306042,33286.96888371865,17785.603470756163,17603.763333333798
0090801,18973.629969056943,8643.614093240312,33609.350336683885,21334.44570255531,17245.86850753742
0091101,21139.896038422492,11287.885572709445,34731.095906980896,14872.904582783061,20490.97554014041
1450501,30758.597430580994,20214.715728355244,43677.82277675643,22543.936460531066,28400.978179649715
1450601,33738.56959003264,23058.185380463427,46309.04849195817,25639.527232049928,31598.85155406804
1450401,32530.62337388084,22173.11978479268,45217.66767395335,24315.63648512676,29925.59013814334
1450801,35327.058510347604,25048.12285910238,47682.5541826181,27126.881313281458,32574.07248447455
0300301,41370.51798493684,33031.36280413491,52192.10667693877,9396.812853686686,37889.75086520663
0300101,42663.141372469465,33956.79509665018,53503.17370352862,7946.895593153231,39218.42664055996
0300701,40948.2259998862,32146.47901293204,52037.48303715835,6672.821471432929,37543.4972336431
0300201,44580.68952932385,35722.61816262857,55281.02780191705,8290.715234598092,41138.46495909925
0450101,21400.47283280228,18171.982652112954,33852.95533811614,109.56638802431348,18274.927321727064
0450301,22446.62281240148,14882.590219861819,35996.879685858614,9215.61570622846,19591.394270257413
0450401,24526.174655781495,20233.032563894274,36547.30115860427,3536.4610431899673,21227.496659551998
0450501,19334.814490507757,17386.896324858033,31960.588458287373,2706.7367140467277,16936.753024137677
0450601,18139.19214241766,8157.02303086709,32931.40500637927,15328.27716463342,16370.441126290301
0450605,19986.71372953726,10255.391411254734,34417.120150934235,14674.084856882168,17907.630836521494
0450701,23194.059471614266,20170.899804489913,35056.80307922052,1955.9163228511704,20122.8222019929
1210101,37673.77512124267,28715.545968659353,49235.93289154427,5568.583277293517,34357.46239744379
1240101,53859.44000892285,44369.101603827134,64219.16760758788,14380.70521057841,50465.386410939165
0700101,65392.87916430792,56587.565988896764,74865.5820389779,27388.52211946845,61806.74248530182
0700201,63897.156756469674,55182.184936942715,73363.34216169441,26198.576410564398,60306.00539662159
1040101,14732.511339325361,5085.587876853118,29662.34862104252,13277.03599091012,14503.402253945458
1040201,15011.832478290678,10050.201190761409,28244.827858461107,6144.868112822542,16312.88985221766
1040301,15728.424154713488,12233.506584153318,28019.306247566332,3733.8043755297135,17438.82908270812
1040601,17653.14936141189,13031.812080811971,29727.707137209254,4005.672067084963,19018.89092379261
1040401,15067.446118265536,12349.629269208053,27286.915660492457,3699.555979613742,16997.128844773233
1040501,12432.614158704619,7204.765530008409,26896.876127205836,8736.66690952738,13678.87840414164
1140101,59182.08309935377,50468.586033631225,68809.75282446182,21679.08462010431,55610.60783616553
1140201,61503.87718012927,52791.50372730425,71048.14779369274,23900.857885992165,57921.96512678608
0290101,38153.09308253818,29561.860769443047,49494.96627107528,7465.330004805797,34757.09338419751
0970101,56373.60087390039,49048.551455128916,65415.9792795133,24470.870403312747,52743.529847197584
0970201,56356.49629521835,48798.566583368454,65511.12250843053,23498.710955695045,52726.73009859707
0200101,56593.328422139915,47114.47318215958,66809.64640012679,17115.503399300716,53176.01923545741
0240101,61979.59180979263,53686.13030570287,71270.51549119352,25739.388105543792,58357.99949641236
0270101,56073.28500724901,47718.886831138814,65625.40894179785,20069.408443083,52480.3041863747
1580101,43182.91553170857,35183.13641736367,53629.43031480371,11941.593710608218,39647.526043382044
1580301,42056.55416182561,33896.90946034574,52711.67866395184,10610.036262656911,38547.444635852866
1580201,42508.094320122036,34630.72699763392,52981.29327962876,12240.856964607503,38969.6671508272
0390101,50448.513411080334,40908.35097108977,61051.29861846931,10906.598593659623,47098.199990894944
0710101,65163.00714743014,56033.81578295812,74839.53458540655,26328.03155438142,61625.04858375469
0010101,67285.44056499162,58825.89950330835,76497.32260961538,30246.753448491534,63658.82545499587
1260101,69333.62923795509,60647.987258314744,78619.8129701072,31567.22747599167,65721.08590784224
0860101,29568.534816196727,20009.49635151802,42426.56949103139,21587.38432574734,26682.14217993751
0630101,53323.4170898284,45923.46682870748,62580.710588284586,21654.5213006169,49703.03274869214
0630201,55184.62495649275,47455.2621073274,64480.9875635674,21797.849046772048,51562.07324442076
1640501,25778.185544417574,15183.356459017356,39320.66007932752,24669.04584566332,23727.14348140182
1640101,25749.685299088604,15266.169667596796,39306.33174696864,25511.676794334064,23570.580099094743
1640201,27950.235711723326,17399.459842178618,41211.63604973429,26755.690926858137,25724.895065296285
1640301,28357.371597161764,17674.23125713023,41500.97381005561,24784.496884126802,26468.522512193078
1640401,26678.87524729362,16002.656908137526,40060.58075613112,24094.602977103892,24774.067713388362
0020101,18335.10805020448,12113.8072776048,30929.953464979033,6567.098897613053,19200.695992594527
0850201,36889.912320976844,31062.244816120117,47178.701857216176,16067.576875189632,33388.85718522105
0850301,31162.13468100357,25300.575153419297,42420.778542596585,10811.334184983461,27704.73458660181
0850101,33892.98815667092,27685.38258122678,44830.67562609624,13635.778151802391,30398.80429341606
1440301,30625.63485102154,26826.48249389519,41028.30560678442,9242.22623467789,27383.50856128593
1440101,31250.474935073813,26461.50475889955,42008.79798576447,10030.029270744666,27862.04792411232
1440201,28196.81773122764,22723.705684631368,39865.249860215124,7827.240442995727,24789.217563234037
9010101,50761.40668123224,41923.433312628964,60855.68276786879,13424.548372373576,47257.62952093794
9010402,49854.54140242521,41363.55830656402,59783.48413798204,14100.255820219432,46311.37323010779
9010501,47598.38333655038,38693.515949978835,58010.55752167738,10401.226418890774,44132.6789358252
9010201,48495.37284333569,39549.53465549122,58849.27563835225,10990.320543393165,45028.4605558214
1290101,23406.915242588606,14322.97754881696,37125.26301380939,15577.782358380946,20778.997065266656
1290901,19317.47202808906,10074.132217270808,33823.23960983773,11364.408074521023,17192.524856719043
1430101,72647.25660005343,63873.23366819366,81898.62472412338,34575.913693976174,69034.55522983489
1680201,32878.62418069241,23457.607741989177,45240.38550551955,7156.017464830527,29813.30378902138
1680101,34140.88368943318,24163.60454683823,46532.5697655641,6055.442205888605,31250.942185783155
9030102,13973.26831979971,8709.805695595049,29237.902202589023,9513.855497181454,12640.840552048434
9030103,13844.382054076472,9912.355849449352,28891.70597267198,8487.04316085955,12616.791406256667
0880101,65312.288072382,56065.34271569567,75057.6503722027,26216.84949335355,61795.14584484243
1180101,62265.26821726881,52364.56327342778,72537.71604679339,22441.428931876075,58943.70895930325
0670101,33128.42877225584,25994.324175667425,44586.09355500536,14274.885045671233,29665.82685836897
1200204,49126.92488342861,44458.62943822301,57315.249679761415,30028.22173227839,45732.91069984297
1200101,49798.99320726879,44647.43916379536,58201.36083690546,28545.991207082963,46336.67661487667
1200401,49336.73036575531,44379.034228930126,57671.83999950086,29014.784099403227,45900.608795181026
1070301,44794.32110460872,34690.53988505297,56178.79864182465,5812.079186611281,41734.13149171205
1070401,45627.96001620837,35629.00555827019,56885.36647551741,6108.913932397567,42503.37010806985
0530101,20692.628813434807,12838.436672345515,33415.48123337783,9857.749430069174,20946.090679031015
0940201,37195.579575484466,29837.9580892772,48135.63519405407,13289.650230511394,33683.227844129055
0940601,36354.952584073035,28881.29360493098,47465.10435838209,12750.089586052014,32860.96014107193
0940701,38081.73948528433,30165.054023754583,49140.916500694795,10833.04287327209,34598.79092001033
0940702,38460.32062185942,30500.7410913106,49487.12325940754,10664.465776014113,34976.1500908354
0940101,37390.707816521,29360.440916990734,48592.746107432664,10267.210846171458,33930.11318513345
1380101,61068.643525186446,52595.3750715521,70491.64970264497,24265.157744754742,57464.26836631892
1120101,50362.27598277276,44583.39433363965,59056.07778506024,26358.40085580295,46828.70619254125
1170101,63512.192298092436,54313.66267749187,73283.93574932517,24539.929717503255,59993.88539247871
1630101,36134.89449700338,25590.685048040563,48480.66672389361,27918.682935263227,33601.531358142194
1630102,36903.75134809349,26291.853010407125,49188.08573095985,28708.42646505755,34454.07860528503
0070601,,3267.7270634707784,23128.879083803196,4310.058337334431,7193.926657602116
0070101,,4041.6476078986234,21860.955024959247,1829.8949716911268,7568.42465054165
0070201,,4877.901386212636,22959.147220557697,5036.280268977135,8681.969579629858
0070401,,8209.873023436394,21341.33412933428,5352.2355124603355,11368.479573723038
0070701,,8973.472858687192,21306.297024796808,6057.706147998888,12065.590925297982
0150101,,8769.6910520436,29252.13887939769,8325.839808355931,9752.402899082057
0150301,,10069.726485170282,30209.424059156903,5333.793982513488,10340.262739309925
0150201,,7189.960065661636,27954.958427800782,8197.182298412215,8798.52114391256
1780101,,21802.511382395573,36759.76644119276,10294.42161326722,20556.595118929647
1330401,,47032.72391906219,57822.49063117272,34432.61162892338,45442.601795198745
1330201,,45963.40977897964,56228.25498813188,33900.54189756488,44533.23994591001
1330301,,44008.703262091076,54933.94269448058,31548.46358883649,42462.406803908445
1330101,,43164.47907282297,53886.201130902504,30992.18533856768,41704.03203237487
0730101,,6862.242121502582,26444.30200771853,3804.1972580756433,8722.15135921396
1280201,,54709.843455817856,66284.55295890542,41357.15829967338,52864.18043454143
1280101,,52846.038726119594,64439.7932246297,39532.09744994679,51015.60007752536
1750101,,24155.771523016185,38702.16267980774,12083.767466987405,22738.479602181018
1711101,,41651.55103826852,55897.93936195873,27762.567430557334,39531.743007449506
1710802,,39177.842616439666,52804.75554561354,25476.051037093526,37192.41641092475
1710301,,42718.75101134599,55960.44472706952,29029.605522673857,40736.363892389694
0580102,,7519.269202288129,24291.656263500343,1410.6052085043198,9158.697860635933
0580501,,4273.227415676653,24081.92918274495,3435.5469373682954,7053.271165122253
0580503,,3744.8632111593506,23342.78340340417,4549.948653709888,6778.24533168862
0310501,,51885.02035160543,63484.89303732658,38595.117601883736,50063.82148428683
0310101,,49727.389269440384,61657.23741611376,36344.15481369258,47871.78034452482
0510101,,31649.374946984397,43822.43286908796,20128.039027069437,30383.885269540624
0510201,,30916.83728708487,42615.0754537915,20236.383521410116,29883.039077251695
1090101,,41376.275685450404,52734.36176863332,28867.976979566767,39816.465611781765
0370102,,53098.877051287585,65623.45640186309,39412.4337001825,51110.27432598512
1810501,,8885.170052668027,28790.70495973903,7337.591225309558,9775.0273829552
1810101,,5665.867874065865,24170.573255945106,4372.565324049097,9120.655806694007
1810201,,10056.250716376397,25889.441324004692,8883.380859000174,12324.814869318283
1810301,,9051.942099120373,26459.80942147726,7676.089482121062,11161.097040179935
0990301,,38900.65818916083,50374.019322123975,26633.708203125385,37414.57829346867
0990401,,37741.99986828498,49381.45685797541,25500.896262736147,36264.21261687177
0990501,,35297.66732164474,47559.59107559314,22867.618917356944,33764.50410173206
0990101,,36384.12070577414,48333.68290575769,24070.435375991332,34885.47943465821
0990201,,34873.61092570318,46388.04189546209,23316.910742955788,33594.56409169639
1410601,,15572.452723262373,32039.371488601944,6603.226285684778,15086.858757879174
1410701,,15167.951574846145,31087.5930978144,8192.8904724398,15218.564624812107
1410101,,18209.32208455139,33906.6030498146,8012.110849394493,17355.71982831422
1410403,,14562.912682837376,30927.184009045854,7381.296831881784,14571.227247065373
1410402,,13829.797356784215,30489.49180810801,7076.908060245092,13963.681226754943
0080701,,33885.1684476267,47490.47721196399,20539.127962793576,32050.498481379145
0080702,,33220.67020297526,46808.38391560491,19956.7940195057,31416.183524600267
0080304,,31487.97055743044,45631.181255347416,18030.44873014603,29612.46371476406
0080301,,31036.02517805093,45150.46872733705,17645.418391019673,29186.147770897853
0080102,,29916.04919775558,44044.40324784778,16653.102076125397,28113.217382400457
0080101,,29836.244793176607,43752.71407833956,16763.088042617743,28099.4247089103
0080303,,31900.391191009232,45957.77091318173,18456.407949716115,30029.862273369785
0420201,,30323.38859426703,40914.64309622243,18911.082739804802,29736.861050547508
0420101,,31596.809970233084,42494.17045492699,20756.319337120964,30779.59246370827
0040101,,16021.104709828078,35243.78371294966,6735.789332183838,14786.536521401415
0920401,,8498.8744364634,28481.444222323837,6931.573881887305,9598.321813313622
0920201,,7268.707698706315,27632.389675818897,5647.309575868572,8980.332635821236
0920101,,3232.346944140758,23914.40252703154,175.4391639998284,6779.933682631121
0920701,,3750.4260340240635,23792.30873057079,2184.9240902656343,7804.811791509928
0920301,,5131.85958472199,24780.29476447062,3511.6247044806223,8528.225004825084
1740101,,22262.24398279551,38468.5407330026,8713.123036757692,20355.822595477297
1740201,,21297.892222002538,37774.85619658971,7716.354019939067,19379.118949738142
1740301,,24623.12809773946,40231.399199214764,11103.754674953363,22727.37473778743
1740401,,20586.555797254594,37218.04895255422,7033.768558824329,18678.904603954237
0960101,,18816.777226641076,37000.665424146966,5364.585650520567,16733.05823445796
0960301,,13933.835530480937,32674.402279826572,140.8050591333348,12214.09078362122
0890201,,7216.911326108616,27235.355974527632,13062.554304082112,8940.041835210386
0890101,,7128.180877430466,27642.04433368034,11098.055932510457,8820.211801446892
0400101,,21092.17773908315,35569.88588923056,7708.17246453188,18632.608878534946
0360101,,17443.02583096395,33992.25183202958,20309.901099615,16712.31318879418
1130102,,8583.697789376416,26500.335254483285,5151.251999340758,10194.981830613893
0520901,,23832.013105950104,36695.120428464004,12548.329969508839,21844.938624687613
0520601,,26691.170534358796,37694.73111577192,17696.739626513892,25390.216833811188
0520201,,32931.408351638536,44033.25039753284,21824.911564353133,30263.188683741842
0520101,,34590.051922308034,45243.118946514944,23816.389922666924,32010.42245156213
0520301,,27576.02308332141,41013.85903735018,14076.669432459295,23907.200818486363
1610101,,15536.222700619594,31565.136221077126,2023.4411376923404,14045.09900240106
0130201,,34215.05528526328,47770.691661145975,538.2955105182051,28986.34322975982
0130202,,32302.576708257275,45991.639035837696,1742.3332675681868,27097.16084874932
0130203,,31041.669385884437,44906.355730857715,2792.655906974189,25891.803914837266
0130401,,33408.25507389212,46646.97308046903,4348.829459832506,28536.219827251854
0130901,,31268.61330866695,44985.064667106286,3046.6426509365315,26208.723828563285
0130101,,45674.92918410413,59818.482078234694,25544.999998265295,41738.77493557235
1400102,,17866.01011083404,33786.52902284259,15448.494597324301,18111.377693411647
1400101,,16538.990925057427,32517.7062609303,14210.268654429385,17230.871708400708
1500101,,14482.261063004396,31615.832658995576,7811.08117914307,13749.204666574336
0740201,,1675.272538296126,21397.58580131184,1356.1005833584427,7374.942316518146
0740604,,4437.362600369269,20003.83560144413,3435.344287952206,10125.618573440857
0740602,,5126.861025923603,19763.177757236554,4076.5203903922757,10751.0276979002
0740101,,5188.6692422875785,20188.85591941682,3924.785763302995,10585.249964565066
0430401,,34797.789487926144,47122.16744057029,10636.753795811566,30713.11317479628
0431401,,37227.98556648224,48868.8067818649,14429.318256233559,33453.925313446176
0430201,,38829.40357382914,49298.65622699274,20552.214129160842,35825.74189856309
1570101,,37299.33387987892,46757.05589192872,27764.631826788613,35218.96410889774
0660101,,14190.19155961541,30821.497206606586,15345.088526592794,15067.602733494823
0650301,,3324.492330561826,22326.43235820638,2747.9391337139864,8494.401635940441
0650701,,2259.7442175821143,20978.970753727015,3481.89084375042,8355.144476282732
1060102,,9183.056622077207,27386.219532679956,844.2726675842514,10233.441016936638
1490301,,14872.395034721136,31920.711335590782,9718.005343023015,14378.481044151991
1490101,,13817.392988034988,31045.77984973484,9594.019831201678,13631.229053695453
1321002,,21237.564418280745,32977.864678597216,13851.572033235134,20947.88521098993
1321001,,20776.547479455076,32349.43927688752,14070.925721923652,20749.70194329926
1320501,,14820.571856771981,27798.289850729638,11320.904913775503,16203.437824768434
1320502,,14427.747188564887,27243.470879221753,11837.231411783487,16088.656670970147
1320701,,19220.754555762003,32634.935329762528,9651.861552856613,18409.316725550085
1320901,,21466.339645127307,34202.17270116086,11793.945349089841,20366.09586045173
0500201,,16392.88367687627,33008.02186815033,18651.879873067814,16143.839798067296
0500301,,16587.147165713635,32940.957968982606,16676.285515171137,16737.256294705436
0500101,,15649.32601504534,32315.736282351038,17727.29430404045,15712.426464951015
0500401,,15613.122076479478,32189.768491596915,16907.97026710641,15862.914680579011
1470101,,25372.65891740415,38860.42612385119,12317.180704691185,22328.453455922325
0170101,,18531.06934492634,33573.12832643613,11505.396513829803,19509.36887949576
0170401,,18346.675752878997,33303.69913817244,10956.004306801047,19458.242040546716
0170301,,17385.167580978905,31664.834783130947,7714.39589701227,19306.925234485196
1700101,,33030.920402092954,45091.00570370197,12966.978093278269,29499.609880250464
1231801,12848.32903252212,7208.696203469838,25757.462339312173,11651.203205952193,8641.520449848951
1230701,14900.733718463358,9171.15357414833,27125.52790726924,9546.733311438002,10078.466930374554
1231001,13596.011013726675,8165.828696604883,26418.056351828367,11275.818291635711,9131.72354499112
0330201,25164.25590280475,19753.916570754864,35910.01881357263,5418.138157359137,18373.56389820324
0330101,26311.601301639123,21000.65191671829,36993.58633107995,6852.346997672606,19586.559076483012
1100401,35812.03745071311,30045.077297630873,44747.50854568604,11736.18957009257,28728.570446533315
1100101,33838.67485082943,28079.074773689215,43105.34267749311,9493.783834221953,26667.05474265597
1100301,32141.88507500368,26389.141264440816,41611.36842807222,7743.007333150641,24951.786060461585
1460101,35723.668768784715,30008.146072591266,45068.87267413328,11307.039605374523,28462.306746372924
0550402,56503.72608459548,50778.42824313877,64755.93160547813,32065.020708761585,49209.17743143592
0550403,56752.30846118091,51049.0398168543,65085.348281008904,32351.92565512693,49445.70814072036
0550201,53894.71411548727,48239.57256160713,62468.9842158004,29636.41699052051,46588.2575207898
0550202,54458.60462646019,48815.42709728078,63041.195358883175,30240.86088317622,47153.60952353547
0550401,57277.45743167599,51570.96007794673,65581.23880394394,32869.96882604796,49971.45766999571
1020101,41980.33681273238,36576.528686759644,51435.663088556365,19105.574934151067,34854.98511377099
0140304,17621.765655896565,11856.289572736834,28928.85020515423,7220.235919457333,12283.095612709902
0140301,19823.88181435805,14099.636798463087,30462.34539568312,6337.178795934666,14250.32418298151
0140101,21691.788419166623,15943.002693573271,32402.524944604913,2821.0909717904224,15043.00805470608
0140701,22417.971924123605,16713.994439461807,33160.848583036866,2172.200070695196,15514.017197739933
0190101,42660.82322376811,36969.18131660735,50515.334510125715,25502.523823388503,35948.99345940764
0350101,40866.99679472471,35288.175357750515,50178.613392366366,17030.86746502992,33613.9737247842
0110101,42675.09978429321,37586.01781942037,52294.32585456889,21629.269959256733,35861.60501680689
0110201,43367.17469350185,38235.02902931101,52933.41896604,22021.89761598879,36502.10298452575
1650101,34196.039344388046,28692.72771040896,44033.48128862289,11085.488645309653,27034.837124842037
1010101,38475.97059300155,33692.378826206994,48408.571747084905,19700.011089653322,32062.062939777643
1550101,46626.585525154434,40958.38489701968,55466.94228258573,22339.803611601455,39329.304558962336
1730301,53436.96690253191,47717.69802075741,60861.357056718436,30020.514284876797,46564.40404958032
0910101,28867.654377100214,23153.5921052122,38070.01758000962,7232.5699047706785,22308.201981951468
0250101,52137.44110393636,46618.6665337997,61021.1966794534,28452.512403168785,44892.969058258284
0250201,53111.49996829629,47620.170711516184,61995.55884890904,29544.142284394642,45883.32368863911
1800101,43429.772418308225,37662.74687203338,51863.449796241344,19225.369177033048,36297.175708905386
1800201,49375.96452842663,43622.815286939775,57231.12943497016,25537.97471506741,42367.0973818725
0600201,59096.98976681884,53330.22271978969,66874.5795570278,34801.84974327527,51913.91047983957
0600101,54671.780300583836,48908.99840722264,62711.16676104405,30299.634590727008,47455.07323961206
0750101,21307.69228134663,16637.755634188175,32796.63299341958,10616.831378328705,15907.561484252532
0750102,22242.920071276763,17485.626592067707,33588.86526377403,10157.149046004019,16623.442074433726
0750901,22207.81512191762,17651.762910887446,33581.438834566376,11327.125168820832,16843.95974986562
0490101,9991.468758639303,7265.258539106614,24089.20141859255,1166.7447482987739,8581.031608097526
0840201,15570.589976857797,10540.736837495715,28035.511742801333,6280.767382102035,10829.400832940013
0840501,16068.501107164015,11035.340738587476,28422.921397135684,6676.466878345822,11202.253774442373
0840101,16044.423355324192,11341.14740935724,28459.221139654124,5957.465480818067,11491.560490082098
1670101,16632.54695824514,11415.271361129804,28813.836912662882,7630.641341999458,11467.838282106986
1000301,34606.04094045648,29932.246110272445,44792.576662287385,17176.34750046227,28402.44664549109
1000401,36558.00032015826,31757.27941948097,46598.90140948634,17963.913290560107,30156.17336841608
1000201,36130.49480654487,31404.982488264617,46211.77695614941,18080.247916413115,29828.978096396662
1000601,35144.85890660199,30235.516950555266,45249.05744430883,16095.008460792807,28638.093040876804
1300201,11980.58068758386,8622.151958514933,25443.69530657085,999.8279545628501,9529.973449217807
1300801,14666.487015538478,12149.715709909191,27348.841662040515,4412.960335456176,12551.634917261388
1301301,13015.665365109942,10827.879230624783,26133.20477266331,3361.728702165163,11493.462630344964
1790101,35946.58701924112,30910.35826763306,45959.90015941777,15925.46543354166,29272.207905274066
1790201,38071.39877380754,32979.92811123904,47934.175570883024,17416.231901168052,31301.928995551796
1160101,30274.041022140216,25371.851511879322,40738.39110391094,12463.930126711808,23910.10407470581
