fid,CMUN,CODIGO,ETIQUETA,DESCR,PART_JUD,POB,w_avg_dis_B_d,w_avg_dis_B_t,w_avg_dis_B_total,w_avg_dis_H2_d,w_avg_dis_H2_t,w_avg_dis_H2_total,w_avg_dis_H3_d,w_avg_dis_H3_t,w_avg_dis_H3_total,w_avg_dis_J_d,w_avg_dis_J_t,w_avg_dis_J_total,w_avg_dis_M_d,w_avg_dis_M_t,w_avg_dis_M_total,w_avg_dis_d,w_avg_dis_t,w_avg_dis_total,w_avg_dur_B_d,w_avg_dur_B_t,w_avg_dur_B_total,w_avg_dur_H2_d,w_avg_dur_H2_t,w_avg_dur_H2_total,w_avg_dur_H3_d,w_avg_dur_H3_t,w_avg_dur_H3_total,w_avg_dur_J_d,w_avg_dur_J_t,w_avg_dur_J_total,w_avg_dur_M_d,w_avg_dur_M_t,w_avg_dur_M_total,w_avg_dur_d,w_avg_dur_t,w_avg_dur_total
1,"032","0323",Camarma de Esteruelas,Camarma De Esteruelas,4,8094,13165,15621,13165,14361,16706,14361,,,,10908,12263,10908,9341,10494,9341,12427,14358,12427,2156,3018,2156,2141,3304,2141,,,,1687,2568,1687,1164,1581,1164,1858,2755,1858
2,"028","0284",Bustarviejo,Bustarviejo,1,2682,47271,72735,47271,57632,70991,57632,57075,54649,57075,23317,23131,23317,33414,30715,33414,45964,51145,45964,5188,8957,5188,4530,6798,4530,3829,4728,3829,2576,3830,2576,2457,2860,2457,3735,5317,3735
3,"040","0409",Ciempozuelos,Ciempozuelos,20,26037,8669,9198,8669,28190,27861,28190,,,,8556,10407,8556,15483,18468,15483,17817,18759,17817,1213,1586,1213,2448,3163,2448,,,,1430,2017,1430,1646,2148,1646,1837,2416,1837
4,"034","0344",Canencia,Canencia,1,440,54186,68882,54186,68371,75040,68371,75632,74335,75632,17267,20796,17267,70529,100148,70529,60270,68923,60270,5875,9848,5875,5146,7586,5146,5391,7381,5391,1968,3085,1968,6263,9814,6263,5006,7516,5006
5,"036","0360",Casarrubuelos,Casarrubuelos,3,4211,40925,48229,40925,22188,22984,22188,,,,14053,14368,14053,10646,10908,10646,22000,23895,22000,3735,5620,3735,2254,3311,2254,,,,1564,2365,1564,1238,1753,1238,2209,3272,2209
6,"113","1132",Pinto,Pinto,16,55918,6756,6999,6756,15128,16640,15128,,,,5928,6670,5928,7401,7674,7401,10068,10924,10068,1309,1971,1309,2106,3329,2106,,,,1012,1616,1012,1365,1994,1365,1579,2448,1579
7,"007","0072",Alcorcón,Alcorc??n,17,174705,3442,3056,3442,7024,8100,7024,,,,2301,2249,2301,2747,2286,2747,5227,5713,5227,1031,1394,1031,1395,2059,1395,,,,901,1400,901,1085,1624,1085,1228,1807,1228
8,"123","1230",Rivas-Vaciamadrid,Rivas-vaciamadrid,14,101579,15434,15936,15434,13256,13671,13256,18481,19132,18481,9196,8892,9196,2043,2376,2043,11682,12002,11682,2269,3500,2269,2080,3072,2080,2173,3165,2173,1939,3181,1939,428,609,428,1778,2705,1778
9,"052","0528",Chinchón,Chinch??n,20,5138,51815,76053,51815,60469,73083,60469,,,,35975,41831,35975,34360,42890,34360,48618,61388,48618,4910,8028,4910,5058,7469,5058,,,,3149,4663,3149,2835,4090,2835,4202,6344,4202
10,"033","0339",Campo Real,Campo Real,14,6716,12614,12386,12614,34374,34380,34374,35005,37409,35005,12747,14402,12747,10397,11020,10397,21027,21920,21027,1915,3036,1915,3651,5418,3651,3349,5033,3349,1939,3037,1939,1376,1865,1376,2446,3678,2446
11,"015","0151",Arroyomolinos,Arroyomolinos,3,37276,13905,15970,13905,12655,13210,12655,,,,11073,10681,11073,12062,12624,12062,12523,13159,12523,1817,2810,1817,1667,2456,1667,,,,1735,2470,1735,1888,2766,1888,1730,2553,1730
12,"161","1610",Valdemoro,Valdemoro,20,83423,3270,3864,3270,24546,26180,24546,,,,2900,3041,2900,3989,5317,3989,11850,12916,11850,619,798,619,2503,3640,2503,,,,748,1063,748,841,1236,841,1443,2075,1443
13,"162","1625",Valdeolmos-Alalpardo,Valdeolmos-alalpardo,2,4471,37706,48101,37706,17590,18430,17590,34168,33678,34168,26612,31156,26612,21367,21514,21367,28602,31093,28602,4005,6109,4005,2113,2810,2113,2874,3670,2874,2886,4287,2886,2615,3662,2615,2894,4035,2894
14,"069","0698",La Hiruela,La Hiruela,1,82,65013,85009,65013,84670,87112,84670,91932,86407,91932,28690,28476,28690,98323,114117,98323,76760,81254,76760,8178,13064,8178,7591,11102,7591,7862,11067,7862,3804,5371,3804,9177,14080,9177,7412,10958,7412
15,"148","1489",Torrejón de Ardoz,Torrej??n De Ardoz,2,140494,1215,1040,1215,9198,10199,9198,,,,3529,3853,3529,2028,2397,2028,5034,5537,5034,546,836,546,1792,2894,1792,,,,914,1377,914,843,1377,843,1177,1876,1177
16,"013","0133",Aranjuez,Aranjuez,8,62298,1609,1957,1609,44910,44836,44910,,,,2380,2765,2380,4720,5948,4720,19706,20068,19706,328,405,328,3016,3920,3016,,,,451,629,451,606,757,606,1483,1926,1483
17,"125","1258",Robledo de Chavela,Robledo De Chavela,7,4697,36616,52205,36616,38335,35371,38335,58303,58958,58303,17058,17748,17058,32072,48901,32072,42713,47300,42713,3670,5693,3670,3601,4317,3601,4171,4829,4171,2183,3178,2183,3283,5285,3283,3607,4708,3607
18,"044","0442",Colmenarejo,Colmenarejo,7,9648,19367,22161,19367,16524,18109,16524,34009,33222,34009,14650,15091,14650,16478,18063,16478,24149,24727,24149,2644,3959,2644,2524,3418,2524,3173,4114,3173,1956,2852,1956,2496,3380,2496,2734,3707,2734
19,"082","0822",Manzanares El Real,Manzanares El Real,19,9510,16966,18378,16966,53902,59777,53902,41212,41520,41212,27664,38223,27664,18715,19452,18715,33279,36478,33279,1794,2539,1794,4338,6244,4338,3073,3968,3073,3950,6728,3950,1906,2749,1906,3022,4366,3022
20,"057","0571",Fresno de Torote,Fresno De Torote,2,2545,24665,25353,24665,39160,47965,39160,46734,48736,46734,22836,24279,22836,38209,43061,38209,36390,39688,36390,2447,3209,2447,4491,7076,4491,4464,6436,4464,2551,3785,2551,4526,7059,4526,3824,5667,3824
21,"110","1104",Perales de Tajuña,Perales De Taju??a,14,3067,11211,11458,11211,35194,34816,35194,41254,42576,41254,17614,16799,17614,11942,12176,11942,23443,23565,23443,1141,1534,1141,3170,4458,3170,3302,4748,3302,1442,1999,1442,1072,1228,1072,2025,2793,2025
22,"146","1467",Tielmes,Tielmes,14,2789,16480,15901,16480,40649,40410,40649,44833,44419,44833,22775,21806,22775,17018,16232,17018,28351,27754,28351,1769,2594,1769,4343,6642,4343,4095,6162,4095,2330,3602,2330,1785,2454,1785,2864,4291,2864
23,"178","1782",Villanueva de Perales,Villanueva De Perales,3,1642,15998,16460,15998,33393,34445,33393,,,,28950,43657,28950,15805,16059,15805,27761,30565,27761,1572,2026,1572,2975,4309,2975,,,,2689,4507,2689,1643,2135,1643,2543,3700,2543
24,"166","1662",Valverde de Alcalá,Valverde De Alcal??,4,550,14147,16244,14147,22779,24439,22779,,,,20620,21647,20620,15970,19192,15970,19259,21192,19259,1616,2185,1616,2434,3594,2434,,,,2501,3913,2501,2045,2961,2045,2206,3249,2206
25,"048","0480",Corpa,Corpa,4,794,15592,15246,15592,24624,24044,24624,,,,22764,21850,22764,16622,16609,16622,20845,20359,20845,2394,3542,2394,3441,5389,3441,,,,3713,6121,3713,2654,3981,2654,3128,4884,3128
26,"083","0838",Meco,Meco,4,15806,12069,14695,12069,13529,15695,13529,,,,13465,16362,13465,12144,16038,12144,12947,15697,12947,1730,2390,1730,1585,2338,1585,,,,2064,3320,2064,1873,3026,1873,1768,2682,1768
27,"902","9020",Puentes Viejas,Puentes Viejas,19,698,75817,98540,75817,60627,65344,60627,71593,72048,71593,8724,9487,8724,76581,96950,76581,60822,69070,60822,6552,10394,6552,4847,7175,4847,5500,7819,5500,1213,1778,1213,6404,10137,6404,5003,7520,5003
28,"140","1408",Serranillos del Valle,Serranillos Del Valle,3,4618,28318,38404,28318,21523,21469,21523,,,,24972,30633,24972,18871,21783,18871,23041,26752,23041,3659,6071,3659,2344,3466,2344,,,,2549,4048,2549,1685,2392,1685,2516,3889,2516
29,"150","1505",Torrejón de Velasco,Torrej??n De Velasco,20,4784,19761,28643,19761,19594,21611,19594,,,,10909,11898,10909,7503,8438,7503,15472,18440,15472,4261,7777,4261,3738,6403,3738,,,,2968,5301,2968,2692,4799,2692,3479,6137,3479
30,"087","0875",Los Molinos,Los Molinos,15,4812,16861,15463,16861,16579,20136,16579,51681,54085,51681,22029,35099,22029,16533,20090,16533,32435,36149,32435,1496,1720,1496,2020,2829,2020,3704,4763,3704,2658,4534,2658,1994,2791,1994,2754,3737,2754
31,"021","0210",El Berrueco,El Berrueco,1,791,10657,8427,10657,45579,45585,45579,58981,57161,58981,8553,8543,8553,55221,64568,55221,39662,40241,39662,1698,2460,1698,3492,4942,3492,4550,6398,4550,919,1239,919,4384,6562,4384,3266,4666,3266
32,"038","0382",Cercedilla,Cercedilla,15,7611,20091,18639,20091,18803,20032,18803,52606,52528,52606,23703,38901,23703,18757,19986,18757,34168,36449,34168,2075,2625,2075,2363,3316,2363,4225,5529,4225,3272,5726,3272,2336,3278,2336,3246,4504,3246
33,"055","0552",Estremera,Estremera,14,1380,44836,45944,44836,70346,73135,70346,73779,75639,73779,50876,51339,50876,45677,46880,45677,57103,58587,57103,3702,5543,3702,5920,8883,5920,5774,8591,5774,4128,6288,4128,3811,5582,3811,4667,6977,4667
34,"152","1527",Torrelodones,Torrelodones,15,25205,11665,11672,11665,16660,18227,16660,25047,25739,25047,10367,11214,10367,15975,17530,15975,18544,19408,18544,1602,2358,1602,2355,3701,2355,2206,2904,2206,1457,2279,1457,2128,3289,2128,2023,2906,2023
35,"127","1277",Las Rozas de Madrid,Las Rozas De Madrid,12,99138,6006,6614,6006,29407,35757,29407,18877,19536,18877,6508,7282,6508,8364,9197,8364,15274,16780,15274,1222,1822,1222,3326,5275,3326,2296,3189,2296,1462,2385,1462,1490,2285,1490,2055,3048,2055
36,"047","0474",Collado Villalba,Collado Villalba,15,67323,1649,1669,1649,4928,5987,4928,36200,37397,36200,2191,2426,2191,4882,5941,4882,17465,18316,17465,556,829,556,985,1387,985,2634,3325,2634,592,856,592,957,1349,957,1570,2056,1570
37,"003","0035",Alameda del Valle,Alameda Del Valle,1,253,68968,88831,68968,83153,94989,83153,90414,94284,90414,30714,38075,30714,95857,120097,95857,76587,88427,76587,6747,11178,6747,6009,8916,6009,6241,8711,6241,2137,3005,2137,7215,11144,7215,5765,8611,5765
38,"076","0761",Lozoya,Lozoya,1,600,63074,81728,63074,77258,87886,77258,84520,87181,84520,24820,30972,24820,89963,112994,89963,70692,81324,70692,6806,11475,6806,6076,9213,6076,6306,9008,6306,2196,3302,2196,7274,11441,7274,5827,8908,5827
39,"135","1356",Santa María de la Alameda,Santa Mar??a De La Alameda,7,1478,22929,25433,22929,44422,48148,44422,62420,67794,62420,19881,23997,19881,19416,24192,19416,41987,46450,41987,3003,4472,3003,4380,5968,4380,5260,7096,5260,2281,3482,2281,2601,4022,2601,4006,5605,4006
40,"016","0164",El Atazar,El Atazar,1,104,23753,23746,23753,62362,60480,62362,75992,72511,75992,38751,50573,38751,76778,89010,76778,58938,61472,58938,2426,3128,2426,5287,7222,5287,6412,8803,6412,5747,9500,5747,7275,10983,7275,5593,8073,5593
41,"102","1028",Orusco de Tajuña,Orusco De Taju??a,14,1426,25374,27861,25374,55071,56888,55071,53647,57413,53647,30932,33492,30932,25983,28210,25983,38201,40773,38201,3074,4600,3074,5419,8005,5419,5256,7927,5256,3527,5268,3527,3101,4477,3101,4075,6055,4075
42,"133","1338",San Martín de Valdeiglesias,San Mart??n De Valdeiglesias,3,8977,67002,80727,67002,59754,60530,59754,,,,3460,3573,3460,63602,73911,63602,53297,57190,53297,5053,7292,5053,4508,5962,4508,,,,1066,1735,1066,4998,7147,4998,4164,5717,4164
43,"014","0148",Arganda del Rey,Arganda Del Rey,14,58976,4352,4806,4352,23819,25146,23819,27823,28184,27823,3882,4767,3882,2547,2475,2547,12484,13076,12484,903,1355,903,2885,4382,2885,2701,3955,2701,798,1312,798,590,788,590,1575,2359,1575
44,"018","0186",Becerril de la Sierra,Becerril De La Sierra,19,6546,29933,38177,29933,10928,12500,10928,45466,47095,45466,7754,8642,7754,10882,12454,10882,27985,30437,27985,3448,5506,3448,1682,2522,1682,3558,4675,3558,1528,2410,1528,1654,2484,1654,2712,3850,2712
45,"019","0199",Belmonte de Tajo,Belmonte De Tajo,8,1905,40415,52041,40415,56546,60382,56546,61480,65891,61480,40711,45858,40711,30215,30806,30215,45873,50995,45873,3222,4522,3222,4299,6115,4299,4231,5986,4231,2941,4385,2941,2246,2934,2246,3388,4788,3388
46,"073","0730",Humanes de Madrid,Humanes De Madrid,18,19915,6145,6521,6145,14532,18495,14532,,,,8212,9261,8212,5628,5530,5628,11159,13613,11159,1162,1625,1162,2066,3327,2066,,,,1516,2604,1516,939,1233,939,1697,2681,1697
47,"074","0745",Leganés,Legan??s,9,193817,2409,2892,2409,3347,3856,3347,,,,3261,3062,3261,751,849,751,2623,2903,2623,558,815,558,850,1309,850,,,,531,661,531,228,366,228,604,892,604
48,"041","0416",Cobeña,Cobe??a,2,7723,18713,16010,18713,14028,12747,14028,27790,27821,27790,15772,16459,15772,15766,15572,15766,19976,19405,19976,2420,3444,2420,1225,1465,1225,2140,2700,2140,1926,2895,1926,1531,1991,1531,1897,2533,1897
49,"043","0437",Colmenar de Oreja,Colmenar De Oreja,8,8852,25674,31092,25674,65162,73570,65162,,,,26899,32377,26899,30255,34133,30255,42630,48948,42630,2345,3260,2345,5340,7968,5340,,,,2719,3836,2719,2386,3360,2386,3626,5278,3626
50,"035","0357",Carabaña,Caraba??a,14,2300,24466,23903,24466,50881,52917,50881,53324,53442,53324,30611,29521,30611,25000,24239,25000,36856,36804,36856,2682,3947,2682,4932,7341,4932,4886,7263,4886,3064,4604,3064,2705,3813,2705,3654,5394,3654
51,"012","0127",Anchuelo,Anchuelo,4,1369,21600,30964,21600,26137,33148,26137,,,,24319,32705,24319,25538,33603,25538,24746,32713,24746,2025,3115,2025,2672,4115,2672,,,,2518,3988,2518,2593,3997,2593,2496,3866,2496
52,"062","0626",Garganta de los Montes,Garganta De Los Montes,1,365,51113,65603,51113,65297,71762,65297,72558,71057,72558,12859,14848,12859,77467,96870,77467,58642,65199,58642,5859,9918,5859,5122,7656,5122,5357,7451,5357,1274,1802,1274,6333,9884,6333,4883,7360,4883
53,"064","0647",Gascones,Gascones,1,174,54018,70944,54018,65791,72281,65791,71973,69416,71973,13440,15542,13440,69105,78607,69105,57717,62701,57717,5327,8999,5327,4693,6934,4693,4930,6744,4930,1713,2836,1713,5525,8423,5525,4519,6780,4519
54,"128","1283",Rozas de Puerto Real,Rozas De Puerto Real,3,547,51374,51461,51374,71121,70423,71121,,,,30163,44436,30163,50771,50240,50771,59542,61119,59542,4970,6747,4970,5901,8218,5901,,,,2321,3705,2321,4820,6408,4820,5103,7104,5103
55,"175","1757",Villamantilla,Villamantilla,3,1584,18490,19575,18490,36422,37561,36422,,,,29438,46773,29438,18298,19175,18298,30273,33681,30273,1849,2510,1849,3242,4793,3242,,,,2855,4991,2855,1923,2619,1923,2799,4184,2799
56,"022","0225",Boadilla del Monte,Boadilla Del Monte,6,65478,20555,27405,20555,48664,60267,48664,20192,20535,20192,12273,14451,12273,13094,13518,13094,22166,25321,22166,2568,4085,2568,4400,6864,4400,2585,3673,2585,1982,3337,1982,2084,3045,2084,2684,4050,2684
57,"023","0231",El Boalo,El Boalo,19,8486,22456,26406,22456,57197,63635,57197,45187,46740,45187,20754,31417,20754,25674,30639,25674,36076,40929,36076,1970,2814,1970,4230,5988,4230,3013,3805,3013,2853,4959,2853,2208,3304,2208,2881,4113,2881
58,"171","1718",Villa del Prado,Villa Del Prado,3,7380,31145,30651,31145,49420,49794,49420,,,,17016,13168,17016,30606,29557,30606,39492,38936,39492,2644,3369,2644,3650,4588,3650,,,,1341,1442,1341,2398,2841,2398,2998,3715,2998
59,"058","0587",Fuenlabrada,Fuenlabrada,18,190493,3371,3384,3371,11544,10906,11544,,,,6902,7514,6902,2172,1823,2172,8375,8049,8375,818,1161,818,1894,2861,1894,,,,1525,2643,1525,747,1131,747,1524,2340,1524
60,"011","0112",Ambite,Ambite,14,693,33245,34185,33245,58765,63212,58765,58188,64134,58188,56240,75797,56240,33854,34534,33854,48059,54372,48059,3681,5550,3681,5973,8939,5973,5769,8812,5769,6248,10412,6248,3718,5427,3718,5078,7828,5078
61,"122","1224",Ribatejada,Ribatejada,2,897,29292,30616,29292,42333,52165,42333,50714,53409,50714,28016,31056,28016,42059,47664,42059,40521,44720,40521,2924,3958,2924,4823,7555,4823,4829,6975,4829,3089,4665,3089,4867,7568,4867,4227,6283,4227
62,"134","1343",San Sebastián de los Reyes,San Sebasti??n De Los Reyes,5,94636,3986,3799,3986,2772,2694,2772,16154,13289,16154,5634,5391,5634,3733,3452,3733,8072,6986,8072,882,1214,882,824,1241,824,2075,2732,2075,1417,2175,1417,932,1262,932,1367,1893,1367
63,"165","1659",Valdilecha,Valdilecha,14,3163,18676,23555,18676,43875,45895,43875,47570,48924,47570,25692,26673,25692,18139,21612,18139,30790,33332,30790,2641,4346,2641,4475,6755,4475,4325,6459,4325,2959,4704,2959,2201,3285,2201,3320,5110,3320
64,"031","0318",Cadalso de los Vidrios,Cadalso De Los Vidrios,3,3170,46869,46407,46869,65270,65839,65270,,,,22189,29916,22189,46260,45418,46260,53771,55014,53771,4092,5334,4092,5066,6680,5066,,,,1968,3021,1968,3869,4854,3869,4313,5704,4313
65,"051","0513",Chapinería,Chapiner??a,3,2615,40804,53895,40804,40762,41494,40762,,,,45553,68770,45553,36270,44811,36270,40811,47636,40811,3776,5795,3776,3256,4595,3256,,,,4445,7559,4445,3882,5973,3882,3590,5387,3590
66,"059","0590",Fuente el Saz de Jarama,Fuente El Saz De Jarama,2,6594,30185,24835,30185,15671,13723,15671,30067,25754,30067,19321,17426,19321,19311,16532,19311,24104,20671,24104,3061,4280,3061,1492,1812,1492,2528,3196,2528,2193,3182,2193,1878,2436,1878,2280,3017,2280
67,"154","1548",Torres de la Alameda,Torres De La Alameda,14,7650,30800,42946,30800,17443,19277,17443,,,,14723,15366,14723,12853,12200,12853,18652,21813,18652,3560,5727,3560,2066,3093,2066,,,,2212,3574,2212,1780,2607,1780,2337,3619,2337
68,"056","0565",Fresnedillas de la Oliva,Fresnedillas De La Oliva,7,1764,29206,31813,29206,63729,91113,63729,46637,47231,46637,24605,26653,24605,28646,33370,28646,40871,46377,40871,3099,4313,3099,4940,6868,4940,3057,3248,3057,2543,3596,2543,3166,4537,3166,3274,4151,3274
69,"183","1837",Zarzalejo,Zarzalejo,7,1800,15961,17634,15961,33760,32959,33760,49900,54099,49900,10961,11903,10961,14474,17562,14474,32122,34622,32122,2127,3106,2127,3687,4965,3687,4204,5655,4204,1635,2535,1635,2360,3656,2360,3203,4461,3203
70,"157","1570",Valdelaguna,Valdelaguna,20,1065,60816,87996,60816,71522,83180,71522,,,,39807,50623,39807,40835,50274,40835,56901,71050,56901,5450,8756,5450,5572,8614,5572,,,,3343,5410,3343,3105,4293,3105,4609,7137,4609
71,"066","0663",Griñón,Gri????n,3,10707,27455,34420,27455,19275,17346,19275,,,,18719,22442,18719,17063,22482,17063,20357,22807,20357,3470,5467,3470,2098,2918,2098,,,,2538,4125,2538,2793,4713,2793,2599,4028,2599
72,"078","0783",Madarcos,Madarcos,1,63,52544,55317,52544,81604,91228,81604,88865,90523,88865,27693,31369,27693,94475,116669,94475,72341,79271,72341,5837,9429,5837,5696,8332,5696,5971,8222,5971,2454,3711,2454,7077,10948,7077,5501,8144,5501
73,"080","0800",Majadahonda,Majadahonda,12,73426,1070,1112,1070,32267,33595,32267,12064,12556,12064,11133,11430,11133,2021,1877,2021,11812,12240,11812,387,608,387,3267,4920,3267,1741,2390,1741,1333,1931,1333,507,679,507,1531,2187,1531
74,"182","1821",Villavieja del Lozoya,Villavieja Del Lozoya,1,292,63769,90139,63769,77954,96298,77954,85215,95593,85215,25504,39361,25504,90658,121406,90658,71386,89731,71386,6856,11988,6856,6125,9726,6125,6352,9521,6352,2522,4397,2522,7323,11954,7323,5922,9518,5922
75,"156","1564",Valdeavero,Valdeavero,4,1809,27486,35578,27486,29938,39177,29938,,,,25373,32506,25373,25312,33750,25312,27609,36038,27609,2966,4258,2966,3175,4998,3175,,,,2561,3942,2561,2726,4329,2726,2921,4505,2921
76,"109","1090",Pelayos de la Presa,Pelayos De La Presa,3,3106,59378,73232,59378,52059,52893,52059,,,,5983,7248,5983,55909,66280,55909,47072,51190,47072,4444,6557,4444,3904,5219,3904,,,,1175,1961,1175,4383,6413,4383,3660,5115,3660
77,"169","1697",Venturada,Venturada,1,2573,13182,14982,13182,37897,43284,37897,45234,42731,45234,20974,21465,20974,35930,39048,35930,33075,34040,33075,2354,3907,2354,3096,4602,3096,3422,4567,3422,2335,3605,2335,3850,5971,3850,3080,4536,3080
78,"153","1533",Torremocha de Jarama,Torremocha De Jarama,1,1111,5963,6092,5963,43887,42487,43887,57873,55232,57873,31695,33500,31695,60139,74690,60139,42905,44539,42905,1321,2087,1321,3761,5177,3761,4870,6741,4870,4625,7559,4625,5638,8762,5638,4181,6178,4181
79,"151","1512",Torrelaguna,Torrelaguna,1,4944,303,276,303,38391,37177,38391,52020,49207,52020,28661,31599,28661,47893,55881,47893,36548,37224,36548,140,220,140,2834,3781,2834,3777,4987,3777,3767,6248,3767,4247,6455,4247,3090,4447,3090
80,"101","1013",Olmeda de las Fuentes,Olmeda De Las Fuentes,14,404,33686,36760,33686,55562,58499,55562,56407,62264,56407,34093,36694,34093,33639,35795,33639,42677,46002,42677,3949,6154,3949,6039,9146,6039,5908,9157,5908,4629,7345,4629,3589,5240,3589,4823,7408,4823
81,"108","1087",Pedrezuela,Pedrezuela,5,6359,31012,30522,31012,25942,26188,25942,39707,38489,39707,45232,57899,45232,37351,48704,37351,36492,40048,36492,2980,4198,2980,2418,3426,2418,3317,4521,3317,4371,6824,4371,3972,6393,3972,3396,4981,3396
82,"006","0066",Alcobendas,Alcobendas,5,121330,4112,4691,4112,7001,7233,7001,11279,11212,11279,2978,2635,2978,3156,3364,3156,6634,6725,6634,953,1435,953,1050,1576,1050,1509,2153,1509,782,1253,782,744,1118,744,1091,1615,1091
83,"009","0091",Algete,Algete,2,21084,27004,29184,27004,12536,13418,12536,28340,27489,28340,16175,17128,16175,15436,14603,15436,21305,21552,21305,3230,4843,3230,1462,1898,1462,2423,3131,2423,2160,3248,2160,1910,2598,1910,2268,3142,2268
84,"145","1454",Talamanca de Jarama,Talamanca De Jarama,5,4243,32175,32013,32175,26915,27492,26915,41425,41091,41425,54561,60485,54561,52551,66609,52551,41509,44797,41509,3173,4351,3173,2286,2956,2286,3483,4633,3483,4264,6085,4264,4653,6938,4653,3557,4933,3557
85,"155","1551",Valdaracete,Valdaracete,14,613,31516,31373,31516,57421,59352,57421,60389,60929,60389,37535,36724,37535,32306,32206,32306,43833,44117,43833,2618,3487,2618,4787,6735,4787,4690,6549,4690,3032,4221,3032,2721,3517,2721,3570,4902,3570
86,"037","0376",Cenicientos,Cenicientos,3,2076,50915,50807,50915,69947,70312,69947,,,,26078,33350,26078,50440,49842,50440,58174,59321,58174,4066,4963,4066,5087,6282,5087,,,,1954,2683,1954,3823,4448,3823,4313,5317,4313
87,"079","0796",Madrid,Madrid,11,3422416,1686,1740,1686,13473,12782,13473,4885,4684,4885,1038,1034,1038,1438,1293,1438,4568,4369,4568,769,1109,769,2336,3193,2336,1196,1751,1196,498,728,498,568,706,568,1094,1540,1094
88,"065","0650",Getafe,Getafe,10,191421,5867,7886,5867,7508,7626,7508,,,,4408,4571,4408,2363,2335,2363,5530,5981,5530,1337,2292,1337,1397,2192,1397,,,,940,1490,940,791,1246,791,1168,1874,1168
89,"106","1065",Parla,Parla,16,134851,1121,1102,1121,13846,14895,13846,,,,3407,3697,3407,1767,1266,1767,6797,7171,6797,566,868,566,1974,2901,1974,,,,1089,1773,1089,721,1022,721,1265,1893,1265
90,"149","1492",Torrejón de la Calzada,Torrej??n De La Calzada,20,10288,17244,20643,17244,17249,18143,17249,,,,8576,8453,8576,5425,5503,5425,13148,14177,13148,2676,4261,2676,1818,2566,1818,,,,991,1348,991,801,1048,801,1621,2358,1621
91,"173","1739",Villamanrique de Tajo,Villamanrique De Tajo,14,805,40027,44064,40027,64655,69491,64655,71009,77840,71009,63172,65105,63172,40816,44898,40816,55936,60279,55936,2914,4195,2914,5418,8096,5418,5415,8101,5415,5256,7784,5256,3009,4204,3009,4402,6476,4402
92,"176","1760",Villanueva de la Cañada,Villanueva De La Ca??ada,6,23352,28983,36066,28983,58873,74747,58873,29081,30732,29081,24411,26296,24411,19458,20859,19458,31281,35737,31281,2967,4457,2967,4100,5973,4100,2489,3118,2489,2333,3346,2333,2070,2768,2070,2705,3699,2705
93,"181","1816",Villaviciosa de Odón,Villaviciosa De Od??n,6,29045,8083,7787,8083,12156,14463,12156,,,,3821,3542,3821,12006,13228,12006,10362,11773,10362,1690,2525,1690,1984,3038,1984,,,,1199,1959,1199,2278,3535,2278,1872,2882,1872
94,"030","0301",La Cabrera,La Cabrera,1,2926,17498,17596,17498,44487,49312,44487,51122,47353,51122,10068,9915,10068,48731,57499,48731,37171,38171,37171,2160,3330,2160,2956,4104,2956,3277,4073,3277,1171,1658,1171,3710,5451,3710,2758,3782,2758
95,"132","1322",San Martín de la Vega,San Mart??n De La Vega,20,20553,18198,20548,18198,30663,34702,30663,,,,18114,22254,18114,16579,17018,16579,22844,25845,22844,1919,2810,1919,3495,5423,3495,,,,2136,3147,2136,1336,1592,1336,2476,3679,2476
96,"045","0455",Colmenar Viejo,Colmenar Viejo,19,56637,848,1035,848,35949,37285,35949,26581,25278,26581,11669,11489,11669,1677,1622,1677,17218,16998,17218,154,238,154,2728,3700,2728,1906,2267,1906,1616,2453,1616,357,494,357,1444,1903,1444
97,"093","0936",Navacerrada,Navacerrada,19,3304,34082,43074,34082,15248,19611,15248,49084,52916,49084,3113,3325,3113,15202,19565,15202,30700,34903,30700,3622,5681,3622,1791,2767,1791,3574,4741,3574,1100,1794,1100,1764,2729,1764,2714,3884,2714
98,"111","1111",Pezuela de las Torres,Pezuela De Las Torres,4,958,23722,25346,23722,31133,32195,31133,,,,31621,31348,31621,24743,26690,24743,28470,29555,28470,2689,3670,2689,3303,4754,3303,,,,3685,5597,3685,2950,4094,2950,3186,4574,3186
99,"121","1219",Redueña,Redue??a,1,289,6652,6748,6652,42365,49366,42365,49627,48661,49627,20592,19631,20592,46674,57682,46674,35923,38458,35923,1078,1687,1078,3356,5060,3356,3742,5145,3742,2943,4854,2943,4304,6802,4304,3194,4782,3194
100,"091","0915",Morata de Tajuña,Morata De Taju??a,14,7650,10603,10661,10603,31699,33177,31699,36714,38220,36714,15007,16937,15007,10428,10301,10428,20890,21859,20890,1241,1617,1241,2933,4063,2933,2969,4040,2969,1398,2009,1398,1080,1189,1080,1924,2583,1924
101,"136","1369",Santorcaz,Santorcaz,4,981,21541,27263,21541,24799,29451,24799,,,,25775,29008,25775,25565,29906,25565,24496,29016,24496,1985,2776,1985,2556,3780,2556,,,,2504,3653,2504,2492,3662,2492,2419,3530,2419
102,"090","0908",Moralzarzal,Moralzarzal,19,14490,28385,36478,28385,7433,8497,7433,46197,51654,46197,7476,8859,7476,7387,8451,7387,27039,31035,27039,2900,4476,2900,1233,1792,1233,3009,3681,3009,1019,1435,1019,1206,1754,1206,2198,2929,2198
103,"124","1245",Robledillo de la Jara,Robledillo De La Jara,1,123,37011,46995,37011,77712,94176,77712,78605,80735,78605,22392,27759,22392,84830,108111,84830,63192,73085,63192,5892,9992,5892,5709,8503,5709,5233,6888,5233,2378,3494,2378,6199,9334,6199,5107,7517,5107
104,"070","0702",Horcajo de la Sierra-Aoslos,Horcajo De La Sierra-aoslos,1,198,50323,55466,50323,79307,91223,79307,86568,90518,86568,25396,31364,25396,88101,108510,88101,69377,77933,69377,5694,9457,5694,5549,8359,5549,5823,8250,5823,2307,3739,2307,6764,10631,6764,5327,8114,5327
105,"025","0259",Brea de Tajo,Brea De Tajo,14,526,38742,40122,38742,64622,68065,64622,67590,69642,67590,44736,45437,44736,39387,40679,39387,51015,52789,51015,3774,5541,3774,5410,7728,5410,5276,7482,5276,3632,5154,3632,3814,5444,3814,4381,6270,4381
106,"026","0262",Brunete,Brunete,6,10858,17585,18693,17585,64654,85354,64654,33610,35518,33610,12105,12426,12105,25325,29083,25325,31500,36016,31500,2324,3542,2324,4455,6578,4455,2626,3307,2626,1629,2583,1629,2540,3470,2540,2689,3728,2689
107,"104","1049",Paracuellos de Jarama,Paracuellos De Jarama,2,27105,15185,17179,15185,18880,21376,18880,25357,26453,25357,17072,18715,17072,19976,22873,19976,20305,22175,20305,1665,2521,1665,1688,2428,1688,2609,3717,2609,2270,3654,2270,2504,3973,2504,2224,3335,2224
108,"099","0992",Navas del Rey,Navas Del Rey,3,3328,49146,60903,49146,43922,44753,43922,,,,48619,70759,48619,43920,50436,43920,45339,51587,45339,3763,5785,3763,3232,4466,3232,,,,4318,7216,4318,3882,5986,3882,3556,5264,3556
109,"114","1147",Piñuécar-Gandullas,Pi??u??car-gandullas,1,151,44768,50155,44768,70059,78526,70059,79916,83011,79916,18555,23480,18555,85135,108376,85135,63058,71093,63058,5282,8791,5282,5188,7795,5188,5741,8251,5741,1971,3236,1971,6747,10736,6747,5112,7843,5112
110,"119","1198",Quijorna,Quijorna,6,3927,27706,29939,27706,66155,81448,66155,35592,36637,35592,23125,25471,23125,26005,26773,26005,35681,39077,35681,4872,8112,4872,6386,10228,6386,4678,7232,4678,4276,7345,4276,4201,6756,4201,4824,7734,4824
111,"029","0297",Cabanillas de la Sierra,Cabanillas De La Sierra,1,888,14203,18461,14203,39605,44144,39605,46236,42178,46236,14967,15441,14967,32853,33414,32853,32350,32636,32350,2221,3643,2221,2805,3864,2805,3130,3838,3130,1557,2336,1557,3303,4788,3303,2691,3718,2691
112,"097","0973",Navarredonda y San Mamés,Navarredonda Y San Mam??s,1,134,62686,83659,62686,76870,89817,76870,84132,89113,84132,24421,32881,24421,89575,114925,89575,70302,83251,70302,6543,11118,6543,5824,8856,5824,6050,8651,6050,2216,3527,2216,7025,11084,7025,5618,8648,5618
113,"180","1809",Villarejo de Salvanés,Villarejo De Salvan??s,14,7824,22432,22468,22432,46039,45853,46039,52563,54540,52563,28446,27810,28446,23077,23012,23077,34512,34736,34512,1800,2499,1800,3797,5405,3797,3729,5271,3729,2129,3045,2129,1728,2180,1728,2637,3680,2637
114,"141","1415",Sevilla la Nueva,Sevilla La Nueva,3,9679,8099,8237,8099,28979,33466,28979,,,,24154,32095,24154,8088,8214,8088,22322,26058,22322,914,1227,914,2537,3617,2537,,,,2769,4662,2769,1050,1468,1050,2126,3118,2126
115,"160","1603",Valdemorillo,Valdemorillo,7,13999,21274,25188,21274,36379,47044,36379,37478,40317,37478,16718,20108,16718,22313,27539,22313,29874,34404,29874,2363,3465,2363,3964,5658,3964,3230,4311,3230,1867,2864,1867,2428,3500,2428,2902,4060,2902
116,"008","0088",Aldea del Fresno,Aldea Del Fresno,3,3329,20174,19858,20174,38431,38952,38431,,,,8882,2359,8882,19672,18839,19672,28922,28123,28922,1947,2601,1947,2970,3856,2970,,,,726,609,726,1741,2157,1741,2328,2970,2328
117,"010","0105",Alpedrete,Alpedrete,15,15655,5535,6207,5535,5037,6592,5037,38606,39830,38606,5425,6939,5425,4991,6546,4991,19544,20825,19544,970,1340,970,1030,1593,1030,3073,4061,3073,1154,1839,1154,1003,1555,1003,1911,2644,1911
118,"020","0203",Berzosa del Lozoya,Berzosa Del Lozoya,1,225,37420,44293,37420,78121,91474,78121,79014,78033,79014,21784,25057,21784,85239,105409,85239,63432,70383,63432,6091,10075,6091,5892,8586,5892,5421,6971,5421,2528,3577,2528,6407,9417,6407,5293,7600,5293
119,"024","0246",Braojos,Braojos,1,218,58073,75613,58073,69846,76950,69846,76027,74085,76027,17495,20211,17495,73160,83276,73160,61771,67370,61771,5665,9487,5665,5030,7422,5030,5269,7232,5269,2048,3324,2048,5861,8911,5861,4857,7268,4857
120,"027","0278",Buitrago del Lozoya,Buitrago Del Lozoya,1,1963,37502,42419,37502,59561,64326,59561,66191,62360,66191,7109,7386,7109,62932,70768,62932,49914,51603,49914,3862,6307,3862,3756,5285,3756,4077,5259,4077,777,1212,777,4761,7134,4761,3552,5076,3552
121,"050","0506",Cubas de la Sagra,Cubas De La Sagra,3,6813,35047,47777,35047,22368,24161,22368,,,,15427,17646,15427,11964,14071,11964,21435,25563,21435,3510,5485,3510,2302,3353,2302,,,,1793,2627,1793,1449,2010,1449,2271,3366,2271
122,"158","1586",Valdemanco,Valdemanco,1,1060,21560,22916,21560,50527,56056,50527,58658,57091,58658,17802,18196,17802,38911,35167,38911,41019,41086,41019,2626,3858,2626,4196,6281,4196,4245,5698,4245,1985,2947,1985,2878,3469,2878,3362,4659,3362
123,"039","0395",Cervera de Buitrago,Cervera De Buitrago,1,146,34916,44767,34916,63797,68311,63797,77428,80344,77428,15167,15272,15167,82088,104592,82088,58470,65605,58470,4181,6646,4181,5138,7440,5138,6091,8682,6091,1434,1700,1434,6978,10965,6978,4986,7352,4986
124,"147","1473",Titulcia,Titulcia,20,1351,14649,15658,14649,34837,35652,34837,,,,14491,16774,14491,23929,28174,23929,24548,26382,24548,1984,2933,1984,3076,4231,3076,,,,2401,3762,2401,2524,3873,2524,2612,3806,2612
125,"115","1150",Pozuelo de Alarcón,Pozuelo De Alarc??n,21,88908,3884,3892,3884,39665,40797,39665,12313,13024,12313,3371,3487,3371,11904,11222,11904,13681,14067,13681,975,1524,975,3666,5499,3666,2029,2913,2029,752,1177,752,2001,2914,2001,1926,2836,1926
126,"068","0685",Guadarrama,Guadarrama,15,17021,11427,9986,11427,12736,15660,12736,46266,48626,46266,10003,10195,10003,12690,15614,12690,26522,28190,26522,1161,1439,1161,1768,2481,1768,3373,4465,3373,1318,1615,1318,1740,2443,1740,2301,3053,2301
127,"060","0604",Fuentidueña de Tajo,Fuentidue??a De Tajo,14,2283,36062,36395,36062,60244,60929,60244,64932,65945,64932,42202,41990,42202,36915,37357,36915,48071,48523,48071,2760,3888,2760,4862,7007,4862,4862,7008,4862,3238,4747,3238,2808,3807,2808,3706,5292,3706
128,"042","0421",Colmenar del Arroyo,Colmenar Del Arroyo,7,1951,31299,33313,31299,59282,74843,59282,,,,68650,109225,68650,53729,69425,53729,55829,73048,55829,3215,4451,3215,5160,8251,5160,,,,5926,10310,5926,4906,7963,4906,4956,7961,4956
129,"046","0468",Collado Mediano,Collado Mediano,15,7527,10861,11878,10861,9627,11467,9627,44215,46276,44215,11961,13736,11961,9581,11421,9581,24954,26761,24954,1134,1350,1134,1209,1685,1209,3312,4291,3312,2019,3232,2019,1181,1647,1181,2211,2970,2211
130,"071","0719",Horcajuelo de la Sierra,Horcajuelo De La Sierra,1,107,48524,45326,48524,76701,79469,76701,83962,78764,83962,25241,24512,25241,89572,104910,89572,67994,68624,67994,7120,11822,7120,7329,11444,7329,7614,11356,7614,3258,5144,3258,8668,13961,8668,6934,10847,6934
131,"072","0724",Hoyo de Manzanares,Hoyo De Manzanares,19,8954,17598,17707,17598,20634,26079,20634,32802,35309,32802,16848,20607,16848,20588,26033,20588,24868,28050,24868,1924,2351,1924,2842,4420,2842,2647,3400,2647,2362,3699,2362,2814,4382,2814,2555,3579,2555
132,"075","0758",Loeches,Loeches,14,9166,23698,34021,23698,28613,29478,28613,30561,35449,30561,12445,13393,12445,21582,31061,21582,23380,28680,23380,3067,5086,3067,3262,4781,3262,3424,5364,3424,1869,2820,1869,2780,4580,2780,2880,4526,2880
133,"004","0040",El Álamo,El Álamo,3,10333,8015,7979,8015,24030,25153,24030,,,,24191,25385,24191,8409,8323,8409,19533,20329,19533,1124,1466,1124,2550,3763,2550,,,,2870,4381,2870,1292,1649,1292,2212,3221,2212
134,"001","0014",La Acebeda,La Acebeda,1,53,50556,55460,50556,79616,91371,79616,86878,90666,86878,25705,31512,25705,92487,116812,92487,70353,79414,70353,5749,9515,5749,5608,8418,5608,5871,8308,5871,2362,3797,2362,6994,11034,6994,5409,8230,5409
135,"126","1261",Robregordo,Robregordo,1,68,51648,56776,51648,75066,81402,75066,88065,92172,88065,21158,21548,21158,69269,69507,69269,65545,68929,65545,4846,7779,4846,4632,6557,4632,5630,7882,5630,1871,2897,1871,5752,8618,5752,4727,6936,4727
136,"086","0869",El Molar,El Molar,5,9435,29638,27145,29638,24500,22675,24500,38082,34612,38082,43474,53753,43474,39095,51564,39095,35478,37394,35478,2801,3940,2801,1884,2457,1884,2904,3799,2904,3958,6104,3958,3814,6177,3814,3044,4379,3044
137,"063","0632",Gargantilla del Lozoya y Pinilla de Buitrago,Gargantilla Del Lozoya Y Pinilla De Buitrago,1,327,59171,78640,59171,73355,84798,73355,80616,84093,80616,20905,27862,20905,86060,109906,86060,66787,78232,66787,6280,10685,6280,5562,8423,5562,5789,8219,5789,1950,3095,1950,6748,10651,6748,5353,8215,5353
138,"005","0053",Alcalá de Henares,Alcal?? De Henares,4,199590,3119,3286,3119,6836,7079,6836,,,,1347,1113,1347,1360,1416,1360,3899,3995,3899,1169,1717,1169,1562,2569,1562,,,,585,946,585,356,505,356,1047,1661,1047
139,"049","0493",Coslada,Coslada,13,80688,1613,1549,1613,12954,10341,12954,12989,12366,12989,3134,2536,3134,1825,1715,1825,6503,5701,6503,712,1133,712,2110,2931,2110,2399,3703,2399,820,1359,820,674,1013,674,1343,2028,1343
140,"054","0549",El Escorial,El Escorial,7,17236,7661,8021,7661,18558,18435,18558,43277,41396,43277,3829,3686,3829,5963,7178,5963,23692,23073,23692,1449,2215,1449,2299,3096,2299,3486,4516,3486,1062,1605,1062,1265,1855,1265,2362,3189,2362
141,"017","0170",Batres,Batres,3,1894,25345,35764,25345,28420,32275,28420,,,,19950,19835,19950,26924,33944,26924,25812,30818,25812,2887,4623,2887,3126,4755,3126,,,,2670,4070,2670,3107,4873,3107,2983,4615,2983
142,"164","1646",Valdetorres de Jarama,Valdetorres De Jarama,2,5010,41056,42772,41056,21619,21816,21619,36144,35398,36144,47906,53115,47906,25432,24786,25432,34717,35547,34717,4548,7026,4548,2069,2713,2069,3250,4353,3250,4004,5797,4004,2502,3393,2502,3270,4606,3270
143,"002","0029",Ajalvir,Ajalvir,2,4943,9851,9850,9851,26265,30929,26265,33096,33492,33096,10974,11230,10974,30543,36833,30543,23971,25971,23971,1667,2398,1667,3332,5384,3332,3595,5422,3595,2223,3559,2223,3777,6226,3777,3032,4735,3032
144,"159","1599",Valdemaqueda,Valdemaqueda,7,828,37845,47225,37845,77147,105557,77147,67857,61676,67857,32935,42064,32935,30635,38590,30635,54590,59781,54590,3667,5083,3667,5455,7464,5455,3849,3844,3849,3158,4525,3158,3610,5324,3610,3919,4847,3919
145,"061","0611",Galapagar,Galapagar,15,35745,7944,9031,7944,12954,14377,12954,32210,32143,32210,10336,11180,10336,12514,13777,12514,20054,20685,20054,1173,1662,1173,2045,3026,2045,2919,3877,2919,1874,2928,1874,1988,2938,1988,2262,3169,2262
146,"085","0856",Miraflores de la Sierra,Miraflores De La Sierra,19,7116,20453,19728,20453,54990,62677,54990,45649,44756,45649,52098,70420,52098,22209,20801,22209,40175,43856,40175,1668,1999,1668,4250,6192,4250,3252,4051,3252,4804,7835,4804,1779,2208,1779,3167,4389,3167
147,"144","1441",Soto del Real,Soto Del Real,19,9296,11167,11392,11167,48324,53310,48324,36318,36420,36318,21465,23150,21465,12877,12466,12877,27745,28860,27745,1261,1706,1261,4013,5840,4013,2858,3755,2858,2713,4245,2713,1375,1916,1375,2513,3536,2513
148,"901","9015",Lozoyuela-Navas-Sieteiglesias,Lozoyuela-navas-sieteiglesias,1,1396,29294,33879,29294,52075,55284,52075,60304,56515,60304,1452,1459,1452,57059,64951,57059,43415,44767,43415,3349,5492,3349,3488,4934,3488,3960,5209,3960,393,640,393,4637,7070,4637,3298,4759,3298
149,"129","1296",San Agustín del Guadalix,San Agust??n Del Guadalix,5,13743,22514,20801,22514,17416,16409,17416,31042,28434,31042,34715,47316,34715,34262,53360,34262,28499,32459,28499,2350,3197,2350,1537,1939,1537,2560,3279,2560,3466,5513,3466,3346,5664,3346,2637,3812,2637
150,"084","0843",Mejorada del Campo,Mejorada Del Campo,13,21714,10682,11144,10682,21648,22539,21648,22283,25884,22283,14969,18935,14969,21166,32336,21166,18150,22168,18150,1613,2137,1613,2864,4299,2864,2715,4255,2715,2123,3258,2123,2576,4172,2576,2378,3624,2378
151,"177","1776",Villanueva del Pardillo,Villanueva Del Pardillo,7,17877,34346,41260,34346,44394,56878,44394,21969,23470,21969,14446,17083,14446,10178,11027,10178,24182,28094,24182,3340,4831,3340,3986,6376,3986,2110,2820,2110,1868,3028,1868,1307,1803,1307,2405,3500,2405
152,"167","1678",Velilla de San Antonio,Velilla De San Antonio,13,14008,14771,13915,14771,23111,25584,23111,23982,29402,23982,10143,10522,10143,23762,36197,23762,19154,23124,19154,1791,2366,1791,2791,4179,2791,2924,4697,2924,1555,2325,1555,2798,4487,2798,2372,3611,2372
153,"100","1006",Nuevo Baztán,Nuevo Bazt??n,14,7393,34969,44884,34969,48414,50196,48414,49627,54699,49627,26967,28365,26967,34449,43193,34449,38885,44267,38885,4225,6972,4225,5278,7932,5278,5521,8691,5521,3898,6313,3898,3912,6164,3912,4567,7215,4567
154,"130","1300",San Fernando de Henares,San Fernando De Henares,13,38930,1853,2062,1853,16441,15317,16441,17716,19117,17716,3876,3602,3876,3335,4008,3335,8644,8821,8644,592,835,592,2287,3292,2287,2419,3687,2419,923,1326,923,746,1026,746,1393,2033,1393
155,"092","0920",Móstoles,M??stoles,6,213188,1138,597,1138,5584,5611,5584,,,,1457,1287,1457,1989,1755,1989,3846,3726,3846,270,209,270,1058,1432,1058,,,,527,714,527,757,1085,757,827,1105,827
156,"143","1436",Somosierra,Somosierra,1,98,68433,86490,68433,71962,71339,71962,83881,79949,83881,29636,34650,29636,71196,69505,71196,68165,70313,68165,4914,7779,4914,3707,4568,3707,4656,5813,4656,2595,4193,2595,4622,6198,4622,4191,5727,4191
157,"168","1684",El Vellón,El Vell??n,1,1934,12460,14500,12460,30564,32961,30564,44581,45768,44581,23962,24501,23962,34290,40111,34290,31740,33935,31740,2176,3500,2176,2871,4277,2871,3938,5722,3938,2878,4574,2878,4228,6837,4228,3338,5105,3338
158,"131","1317",San Lorenzo de El Escorial,San Lorenzo De El Escorial,7,18736,1412,1442,1412,23129,23590,23129,49447,48631,49447,4738,5509,4738,1503,1173,1503,25589,25372,25589,546,923,546,2616,3651,2616,3521,4478,3521,934,1336,934,514,704,514,2168,2864,2168
159,"174","1744",Villamanta,Villamanta,3,2754,11020,10642,11020,29212,29729,29212,,,,7971,8163,7971,10512,9611,10512,20907,21047,20907,1344,1900,1344,2380,3175,2380,,,,721,931,721,1155,1489,1155,1820,2431,1820
160,"903","9036",Tres Cantos,Tres Cantos,19,52755,11370,11507,11370,22866,20509,22866,17593,17086,17593,1713,2003,1713,10023,10217,10023,13527,13068,13527,1667,2514,1667,2535,3701,2535,1688,2247,1688,643,1029,643,1395,2172,1395,1602,2318,1602
161,"088","0881",Montejo de la Sierra,Montejo De La Sierra,1,374,39878,44666,39878,76439,80577,76439,83701,79872,83701,20459,21941,20459,89310,106018,89310,65581,68824,65581,6819,11098,6819,6649,10001,6649,6929,9891,6929,2870,4270,2870,8062,12617,8062,6376,9628,6376
162,"095","0954",Navalagamella,Navalagamella,7,2956,23221,25694,23221,57501,84529,57501,41192,42251,41192,18629,20550,18629,23360,27182,23360,35184,40673,35184,2654,3821,2654,4441,6262,4441,3356,4212,3356,2160,3251,2160,2749,3954,2749,3153,4275,3153
163,"096","0967",Navalcarnero,Navalcarnero,3,32174,381,223,381,22270,27450,22270,,,,18274,20441,18274,1361,1470,1361,15585,18848,15585,109,128,109,1827,2645,1827,,,,2281,3607,2281,336,433,336,1434,2107,1434
164,"118","1185",Puebla de la Sierra,Puebla De La Sierra,1,91,56144,67406,56144,81118,83134,81118,95139,95948,95139,32304,29510,32304,100358,121311,100358,76700,82209,76700,8151,12836,8151,7303,10095,7303,8302,11482,8302,4140,5563,4140,9345,13980,9345,7590,10906,7590
165,"179","1795",Villar del Olmo,Villar Del Olmo,14,2271,30286,35520,30286,52256,57449,52256,53361,61735,53361,32695,35960,32695,30239,34558,30239,39767,45044,39767,3854,6296,3854,6052,9488,6052,6067,9790,6067,4742,7782,4742,3491,5382,3491,4841,7748,4841
166,"170","1701",Villaconejos,Villaconejos,8,3471,18833,17909,18833,53930,59613,53930,,,,20048,19195,20048,19412,20951,19412,33231,35456,33231,1560,1980,1560,4618,6931,4618,,,,1927,2556,1927,1531,2080,1531,2851,4096,2851
167,"067","0679",Guadalix de la Sierra,Guadalix De La Sierra,19,6896,19569,19885,19569,45055,51250,45055,43654,44913,43654,25507,25344,25507,20214,20958,20214,32942,34544,32942,1562,1898,1562,3486,5073,3486,3095,3839,3095,3409,5455,3409,1666,2104,1666,2719,3701,2719
168,"116","1163",Pozuelo del Rey,Pozuelo Del Rey,14,1298,34633,48876,34633,42471,43730,42471,43684,48232,43684,20810,21471,20810,34086,46912,34086,35137,41844,35137,5340,9515,5340,4661,7010,4661,4916,7776,4916,3520,5843,3520,4822,8304,4822,4652,7689,4652
169,"120","1202",Rascafría,Rascafr??a,1,1668,73271,93991,73271,87455,100149,87455,94717,99444,94717,92196,151675,92196,86753,125257,86753,88185,111660,88185,7103,11632,7103,6362,9370,6362,6591,9166,6591,8842,15349,8842,7425,11598,7425,7152,11047,7152
170,"107","1071",Patones,Patones,1,604,7800,9308,7800,45739,46042,45739,59731,58797,59731,34202,36776,34202,65180,84621,65180,45397,49057,45397,1177,1874,1177,3752,5219,3752,4899,6870,4899,5399,9120,5399,5821,9208,5821,4324,6527,4324
171,"137","1375",Los Santos de la Humosa,Los Santos De La Humosa,4,2793,15696,15651,15696,18431,17990,18431,,,,17814,17547,17814,17604,18445,17604,17595,17524,17595,1658,2029,1658,2134,3159,2134,,,,2046,3032,2046,2033,3041,2033,2001,2884,2001
172,"053","0534",Daganzo de Arriba,Daganzo De Arriba,2,10673,12620,12751,12620,23727,28145,23727,34818,36393,34818,11055,11748,11055,25328,28785,25328,23727,25702,23727,1674,2314,1674,3102,4930,3102,3546,5225,3546,1273,1815,1273,3531,5693,3531,2779,4200,2779
173,"094","0941",Navalafuente,Navalafuente,1,1654,21430,27201,21430,46110,54214,46110,53221,53283,53221,18657,19581,18657,30284,30429,30284,37154,39665,37154,3400,5728,3400,4216,6513,4216,4211,5835,4211,3213,5433,3213,2789,3863,2789,3674,5534,3674
174,"138","1381",La Serna del Monte,La Serna Del Monte,1,77,43044,48109,43044,61384,62579,61384,74382,73349,74382,12553,12881,12553,60664,60840,60664,54401,55184,54401,4429,7225,4429,4226,6031,4226,5225,7356,5225,1449,2343,1449,5330,8063,5330,4314,6395,4314
175,"112","1126",Pinilla del Valle,Pinilla Del Valle,1,199,66981,85644,66981,81165,91802,81165,88426,91097,88426,28727,34888,28727,93870,116910,93870,74599,85240,74599,6566,10803,6566,5825,8541,5825,6064,8336,6064,1954,2630,1954,7028,10769,7028,5583,8236,5583
176,"172","1723",Villalbilla,Villalbilla,4,17906,10276,12670,10276,18447,20659,18447,,,,15556,18082,15556,11578,14576,11578,14861,17329,14861,1640,2473,1640,2445,3787,2445,,,,2451,4014,2451,2125,3367,2125,2221,3485,2221
177,"117","1179",Prádena del Rincón,Pr??dena Del Rinc??n,1,137,37660,42369,37660,74221,78280,74221,81482,77575,81482,18241,19644,18241,87092,103721,87092,63363,66527,63363,6630,10910,6630,6479,9813,6479,6758,9703,6758,2690,4082,2690,7881,12429,7881,6199,9440,6199
178,"163","1631",Valdepiélagos,Valdepi??lagos,5,581,37004,37151,37004,31778,32700,31778,45860,45442,45860,49380,61398,49380,53586,67283,53586,43911,48236,43911,3605,4942,3605,2807,3721,2807,3903,5192,3903,6337,10804,6337,4704,7031,4704,4210,6147,4210
179,"089","0894",Moraleja de Enmedio,Moraleja De Enmedio,3,5488,20714,23759,20714,14356,17599,14356,,,,9537,10652,9537,7104,7540,7104,13540,16049,13540,2475,3744,2475,1868,2846,1868,,,,1584,2568,1584,1060,1332,1060,1799,2718,1799
